another_bug_proba,break_bug_proba,electro_bug_proba,engine_check_proba,engine_fuel_proba,engine_ignition_proba,engine_overheat_proba,gear_stick_proba,wheel_shake_proba
0.1200157647290632,0.1138008369552248,0.1149037197666909,0.1080697109988981,0.11851924168607,0.1056371473508491,0.1211956760016661,0.1134997767603293,0.0843581257512081
0.1595069260362605,0.2115166585801371,0.0841378894547759,0.0992527632387724,0.0826840473376459,0.0876415377802226,0.1131801558703573,0.1035267680422314,0.0585532536595963
0.1207158337901112,0.111604310728065,0.1077018683352463,0.1110853275410735,0.1043613881333176,0.1268275650634278,0.1213377249430042,0.1182757977471345,0.0780901837186196
0.1117513933840103,0.1172857156288644,0.1058838598643834,0.1181020884956228,0.1083984862754558,0.114491456448461,0.1097103301828045,0.1308304704997829,0.0835461992206145
0.1290875763177529,0.1437628203927922,0.1012674965789871,0.0980942846378878,0.0952517550206473,0.1253425854427533,0.1175362601619566,0.1289920894097918,0.0606651320374308
0.1137047553805681,0.138493754968347,0.1040753877685936,0.1065144020275265,0.1138213873623981,0.1106271781179644,0.1181675095534372,0.1317972913577096,0.062798333463455
0.1221752893915858,0.1158668915442502,0.1006160765256596,0.1161826147767612,0.1256980370202187,0.1173035450226763,0.120605156903786,0.1193455641749379,0.0622068246401239
0.1133626625498004,0.126440263047144,0.0922098739843485,0.1039129666821858,0.1219002060816198,0.1119701063166069,0.1373850513744217,0.1115400231684648,0.0812788467954077
0.1038765474597632,0.1097016761344863,0.1684930159548003,0.0959285887484116,0.1190097116109005,0.1110618860487015,0.1200364908620737,0.1129952504525982,0.0588968327282644
0.1162386800372364,0.1074650885322266,0.1012136517487103,0.0998372270856099,0.1269922105613203,0.1425365191677765,0.1091297605526451,0.1191353757119792,0.0774514866024953
0.1234955096934187,0.1171189436023117,0.1017033290100322,0.1099692039256798,0.1149725249788458,0.1185711214891379,0.1169833556910319,0.1319666493528797,0.065219362256662
0.1176565749691663,0.1458634326802365,0.1038071146761484,0.1172659228726384,0.0944248289462663,0.1088589563877974,0.1271727539382844,0.1242486710356083,0.0607017444938537
0.1179765482873641,0.115452302048353,0.1114153078236424,0.1287960218137853,0.0989085350415429,0.1177425456020578,0.1281397503523478,0.107307518958833,0.0742614700720733
0.1237572746236969,0.1196377402130957,0.0984218674611895,0.1067684817487388,0.1194213243809816,0.1065085606138557,0.1340915854064275,0.1144395292303722,0.0769536363216417
0.1075221672301229,0.1063285122549461,0.1029435713853752,0.099629952138034,0.1048980402140999,0.1651308128796967,0.1200465132045976,0.117040169660079,0.0764602610330482
0.1200078581095198,0.1068855864489372,0.104495625328114,0.131530529970144,0.1234681109943535,0.1140059678877552,0.118465580307295,0.120036386313244,0.061104354640637
0.1247750481067925,0.099835448001636,0.0979605210423746,0.1068646368061764,0.1193084343016241,0.1073923718234222,0.1138921237553996,0.1681149840615017,0.0618564321010726
0.1194720977599017,0.1202747049649103,0.1094587983568448,0.1096747158613438,0.1026429739403049,0.1069208876954094,0.1217671128538132,0.1346151600320029,0.0751735485354685
0.12147503220602,0.1168017688137181,0.107227475379257,0.1154523321675473,0.11523039664772,0.1051780710161473,0.1263245968321734,0.1083188034671613,0.0839915234702552
0.136850342435894,0.1035367681198642,0.1267115243733,0.1013896245032712,0.1030929269135251,0.1115351473335843,0.1249899176316187,0.1291684167661819,0.0627253319227602
0.0953545119500402,0.1017802537536127,0.1169500268029022,0.0895775316696081,0.0869681858861065,0.0984868888731479,0.1051997400620324,0.1406622846478189,0.1650205763547308
0.1186825782808987,0.1160343231734906,0.1067312774805001,0.1163505026368929,0.1112302855875786,0.1051487603755389,0.1195803280725684,0.1270934423306494,0.0791485020618822
0.1581302840621669,0.1111019859886237,0.1187680911701652,0.1019435601909435,0.0940818427915559,0.1206839818055978,0.1096680709091328,0.1064808434443113,0.0791413396375024
0.1225737923014288,0.1126169536293841,0.094087249113644,0.1247472033601665,0.1140323499815839,0.1251381702605123,0.1142566712280223,0.1113831073609536,0.0811645027643039
0.1253907973192072,0.1276984041817429,0.1109236334383244,0.1156288179349052,0.1122118516964499,0.1044965564737404,0.1133752587670906,0.1231864437752649,0.0670882364132743
0.1351767079524303,0.1086240371982053,0.0983431052071866,0.1046821033871687,0.118138952992677,0.1130255001494138,0.120391371190619,0.1395157679684647,0.0621024539538341
0.1188901745093325,0.1127514002557257,0.1383285381044105,0.0985954188400852,0.1223182006053308,0.1141494242228478,0.115514232357554,0.1189184370179102,0.0605341740868029
0.1174198095364389,0.1236684860452881,0.1045170202238288,0.1117326973048323,0.0993789186191115,0.1151051842288303,0.130207612563698,0.1340828992127952,0.0638873722651766
0.127796045020972,0.1176383217694457,0.1021543447636581,0.1028687854891117,0.1227153400894095,0.109840211789779,0.1085357355707118,0.1182915070889462,0.0901597084179656
0.1154890149208792,0.1162648639870028,0.1057085428896452,0.1074601951865867,0.1166268143024777,0.112363144193561,0.1224347665002811,0.1338654596916116,0.0697871983279543
0.121719761628586,0.119582839266156,0.1178559158117415,0.1253789794881996,0.1038477500880285,0.1271797488972423,0.113747340287179,0.107557357815984,0.0631303067168827
0.1008579460917005,0.0983573026517964,0.0993105168932656,0.1771591068117932,0.1195460968810487,0.1129500281552223,0.1067588954116779,0.112149942928565,0.07291016417493
0.1090498187501828,0.1118304478996045,0.1013132532654094,0.103476031106171,0.1004067888114316,0.1321261377588403,0.1238973334319028,0.1392531082407918,0.0786470807356653
0.1112661730352779,0.1097168332921251,0.107680480098956,0.1138162906974733,0.111380303655658,0.1377317783807358,0.1213136287971145,0.1101269550803352,0.0769675569623238
0.1661281949676032,0.0855858930191766,0.0850957379503751,0.1782569432742441,0.0684272607306226,0.1574869493262351,0.1120676028292589,0.1029443665540908,0.044007051348393
0.1086249242161267,0.1095523683671546,0.1076243387263614,0.1147979459058709,0.1053658214028051,0.111288328525553,0.1343672200593177,0.1271702259171342,0.0812088268796761
0.1250366519087277,0.1150982558795091,0.0999486114384961,0.1168929598750263,0.1061755583491023,0.1127529933169785,0.1061922142112125,0.1296897897777776,0.0882129652431697
0.1092463956942619,0.1048697831021798,0.1095892525227286,0.1196630381437836,0.1251618614985307,0.1264260784686844,0.1242656286996459,0.1188364856590788,0.0619414762111058
0.1280745665576331,0.1178947053386249,0.1012706622854883,0.1032991051729159,0.1087552202253647,0.1214039511701687,0.1237522436931676,0.1328407579632259,0.0627087875934106
0.1165730966331305,0.1105539623587628,0.1218637427431449,0.1257425637486483,0.0923277455418632,0.1323288664804633,0.1090356445036856,0.1147596967364897,0.0768146812538111
0.1168128653102106,0.1147977345304074,0.0997812873839998,0.1240820258024856,0.1198646483829511,0.1085933322363469,0.1249047218689121,0.1294726759916022,0.0616907084930839
0.1290576301528471,0.1307956263106881,0.1110362488198309,0.1073238123505132,0.1138025141178839,0.1018625075219627,0.1145145318094537,0.1079957280713824,0.0836114008454377
0.145193724015688,0.1195400063633969,0.0984211223856817,0.1186718681499789,0.1229559163147442,0.1031952798589841,0.1122930809297651,0.1188771438448796,0.060851858136881
0.1065051714602326,0.1129270886046373,0.0952204499268105,0.1072058898494593,0.1398272509838639,0.0983776792488288,0.1724115314092316,0.1101244573600277,0.0574004811569077
0.1207624039868026,0.1117603218848866,0.1371012825042427,0.1028562940890825,0.098228088800999,0.115236277232278,0.1084607367138313,0.1424394755322909,0.0631551192555861
0.1238758373318489,0.1067849572980144,0.1078636290068778,0.1218483727184231,0.1274476177989041,0.1131128836642947,0.1196962044285093,0.1162966856297302,0.0630738121233971
0.1094529564777361,0.1110741807064251,0.107190275248754,0.1055564076664691,0.1108732557207045,0.1265521651716781,0.1517797775913809,0.1163481102934023,0.0611728711234496
0.1079605602076408,0.1107651582479836,0.0977459618028378,0.1023863213203025,0.1297347758778186,0.1055015761586713,0.120242366451117,0.1607757392413808,0.0648875406922474
0.1113092884182884,0.099707173320905,0.1774110902205703,0.1214738453750297,0.0977171173470255,0.0982731841063437,0.1220439490831389,0.1126563757626007,0.0594079763660974
0.1091749333406838,0.10959458465971,0.0960024817115594,0.1003407773471487,0.1283244456018723,0.1623205026393377,0.1230550354724185,0.1128849437696004,0.0583022954576688
0.1112510857182517,0.0987433976683257,0.1044450611461004,0.1539043941879015,0.0983201046726588,0.1236040959132628,0.122707498652575,0.1272029816134759,0.0598213804274477
0.1080343677316142,0.1079557014770989,0.0977380254124212,0.104038021369424,0.1174120744455738,0.1122563445452285,0.1207308001509011,0.1510673425475313,0.0807673223202066
0.1118454895265891,0.1252842837313125,0.1085552125898521,0.1170796825889596,0.1241473065383865,0.119200102916809,0.1098022400822021,0.1178126762983982,0.0662730057274906
0.1242683645760579,0.121851076655118,0.0953879973466107,0.1059950273971087,0.11560883754113,0.125480235670766,0.1230018055056026,0.1061200601817451,0.0822865951258604
0.1276711079296449,0.1090510368180579,0.1077200525452102,0.1056552633316986,0.1043754089968439,0.127773947437036,0.1292441862228572,0.1214810172863685,0.0670279794322822
0.0975993716044638,0.0897074786022377,0.0908196572419291,0.0870121708996122,0.1302711662936283,0.0956565980319525,0.0997972701300337,0.1270772749534674,0.1820590122426749
0.1165367147936086,0.1003611007433223,0.0895353909867204,0.1098401145945483,0.1084159606840679,0.1292702144866123,0.1140687294252648,0.1489310121388877,0.0830407621469672
0.1164783624804996,0.1057543393807635,0.09310750419848,0.1075123744301335,0.1118476073536262,0.1050354742057808,0.1818867474210751,0.1208130105305654,0.0575645799990756
0.1134801194622937,0.1122121133599657,0.1635038690311741,0.0981653173970238,0.093722332467038,0.1000751634684485,0.1177873150279489,0.114640095459202,0.0864136743269048
0.1126962595257485,0.1171648155135443,0.0956348087201663,0.1199258896544731,0.1155885591622735,0.1284782124228333,0.1106379389870405,0.1156209276152913,0.0842525883986287
0.1219165981392886,0.1094044517557977,0.1030401987381162,0.101567263248215,0.09369628560985,0.1175572409726058,0.1495925605106419,0.124376190131507,0.0788492108939776
0.1099085969692552,0.1070223054606061,0.101237372667262,0.1073139282682991,0.1819609965664232,0.1037328922639124,0.1107755663343995,0.1205900140767477,0.0574583273930945
0.1102094962624735,0.1172240571974778,0.1043740556840115,0.1175434785418599,0.0978924453654782,0.1441040720534347,0.1136203922264937,0.1320850886807019,0.0629469139880685
0.1219819128329888,0.1157723085556782,0.0921852481859884,0.1149724128380228,0.1134817150911655,0.1231714863398408,0.1268170722966724,0.1108452650282641,0.0807725788313787
0.1166167830956608,0.1137761678818121,0.0975143968925464,0.1006198607440299,0.1084904494999119,0.1324066346400494,0.1098859653702029,0.1457205750402662,0.0749691668355201
0.1208674102593789,0.1124007144793823,0.1113819616092398,0.1175017613970432,0.1075976266418672,0.117459735674536,0.1290544492181803,0.1207804650434249,0.062955875676947
0.1001373617441285,0.0981190686381365,0.1149862363340019,0.10693161158252,0.1069605487908699,0.1016304073665444,0.1252566774010916,0.1108620202319661,0.1351160679107408
0.1094671699792947,0.1069553290406746,0.1420056157803963,0.1085981668292491,0.154813197983877,0.100812131268133,0.1224784841313311,0.0994730873327267,0.055396817654317
0.1619000460420679,0.1171611421761202,0.1090622638671326,0.1069158861818112,0.1017595258714064,0.1061959670604623,0.1152722617558581,0.1179438742068232,0.0637890328383178
0.1156398749779314,0.1130595140356074,0.1072375878559949,0.1028147876205172,0.104294864745608,0.1069299854231618,0.1535334121707166,0.1273925872778235,0.069097385892639
0.1068491381096442,0.1190144690510132,0.1102713691538171,0.1131484399370498,0.1081691355237546,0.1105416944554182,0.1278891559857701,0.1271463283932504,0.0769702693902818
0.1523381127385532,0.115845484860345,0.1066328469892656,0.1177712727182076,0.0980909882187564,0.1150580251189036,0.1083631227048394,0.1228427182768182,0.0630574283743107
0.1749033047097268,0.1083625402657676,0.0930826044149488,0.0989697198911001,0.0905163667618947,0.1061545258443148,0.1137464778563428,0.131213844718058,0.083050615537846
0.120804655175702,0.1181090485441158,0.1154194918411713,0.1077441260454196,0.1132191134548761,0.1070288489120553,0.1193196064524429,0.126171653150594,0.0721834564236225
0.1067993272534241,0.0995353069168404,0.1096360963365644,0.1240755295281224,0.124283200457666,0.1024210561089078,0.1296316081931961,0.1231270467063342,0.0804908284989443
0.1023142873166862,0.1151302932103719,0.1039634769820304,0.1154440093017234,0.1493724048711493,0.1089611518740506,0.1219335847426438,0.1188383895302974,0.0640424021710465
0.1057012039079409,0.1042293542734455,0.1022948491293573,0.1081237776304638,0.1058096262940789,0.1308431340278918,0.1152461369389455,0.1046189638518116,0.1231329539460643
0.1071217408515784,0.1340111176448277,0.1078233888033793,0.1142952558609076,0.1092654837116535,0.1116620897125002,0.1239807706989575,0.1284350199045303,0.0634051328116654
0.0983609510427944,0.1329463594888316,0.1016568522758384,0.1195616796335334,0.0950075124141546,0.1218451836597531,0.111026800065498,0.160137555392377,0.059457106027219
0.1269361944365217,0.1120397408330382,0.108510552448486,0.1228232403901321,0.106516407301481,0.1125546262890314,0.1078054741948695,0.1207181436744356,0.0820956204320043
0.1224939571196181,0.1195101824950592,0.0925722148152932,0.1154550332999129,0.113958078041211,0.1236885241070899,0.1198998107648219,0.1113105609343493,0.0811116384226441
0.1292884386908304,0.1152978662547331,0.1024123249973058,0.107038502966872,0.0987802364654863,0.1238898310755133,0.1091200238444613,0.1310761043532746,0.0830966713515229
0.1218317999123508,0.1196861281848903,0.1088191718518021,0.125885026238572,0.1021406798701503,0.1156695945622165,0.1235536163265233,0.1173803552080849,0.0650336278454095
0.1192308466533987,0.1155756941607369,0.094999294183213,0.1011074866410196,0.1253821319415098,0.1288433383653225,0.1297707472395517,0.1236132059095715,0.0614772549056759
0.1218768730111494,0.1119412895878863,0.1112521227052922,0.1175661618635496,0.0936767781451195,0.12690859960366,0.1249294156534174,0.1321843340232259,0.0596644254066994
0.1135606062548728,0.1252980422270775,0.1054411775357169,0.1069861511463179,0.0967293194964986,0.1180587032387685,0.1443657558954566,0.1283868882372018,0.0611733559680892
0.1637776486208295,0.0932075823567505,0.096210594733061,0.1127384758247214,0.0906005052381121,0.1521067900668511,0.1110224721587521,0.1090099638735162,0.0713259671274057
0.1177601647650875,0.1074513954613152,0.1112109584246102,0.1174082334379714,0.1133185850962467,0.1118039011469666,0.1243667341650457,0.121761920717858,0.0749181067848983
0.1142135599597801,0.1172800369304663,0.1087273248082817,0.1025554834486659,0.1272310858377379,0.1135201191067119,0.1256326636758485,0.1284578838614193,0.0623818423710879
0.256932377364187,0.1008534867671704,0.090746403978422,0.0920760628714679,0.0940024959220931,0.1016054925377222,0.1101065362901105,0.1010065952202379,0.0526705490485886
0.1224649894864403,0.1126239048905727,0.1011792017874765,0.112930791377611,0.1419196469854489,0.1111055206894066,0.1213050073301743,0.1160052133064835,0.0604657241463859
0.1066816629823152,0.1075925154875653,0.1063266567081789,0.1194905669111315,0.1231486224312349,0.1189092283372181,0.1183689395229185,0.1197257777498157,0.0797560298696216
0.109965284884593,0.1158547973471264,0.0989205784308829,0.1413780575507303,0.1224986122948084,0.109564577384699,0.1136573873036041,0.119093834268902,0.0690668705346536
0.1231640956771222,0.1028846277308419,0.0931776698497239,0.0951314911493541,0.1796924172457837,0.1045689803221966,0.1139419760884041,0.1280638887852178,0.0593748531513552
0.1268619045945582,0.1108688253949949,0.1001130735146163,0.1176942920195876,0.0938747622326647,0.1157831687410461,0.1222632203532388,0.1259780833231775,0.0865626698261154
0.1208944147434722,0.1146521535667605,0.1098060448116832,0.1045905985828151,0.1342463597923015,0.1005042832762529,0.128733777019674,0.1255795394750135,0.0609928287320266
0.1117712510432481,0.1644865662138166,0.0957722671225135,0.096249392225407,0.1047407321600794,0.1182935920865352,0.0991352993231581,0.1517592527456788,0.0577916470795629
0.11786866652167,0.1244953208607798,0.1006954531211242,0.1147978480154377,0.1237248575481233,0.1128498551268867,0.1203053829561543,0.1243272748662456,0.0609353409835778
0.1168322542695327,0.1167806269953916,0.1044522597076623,0.1197508480981248,0.1012685706083377,0.1059894022214742,0.1350097077975131,0.1199865712865106,0.0799297590154527
0.1123195570033542,0.1176833125126075,0.1038544084770202,0.1196639248176275,0.1138578309193509,0.1110845205678512,0.1268981643359616,0.1170946265414389,0.0775436548247876
0.1638766050311252,0.1064671056624247,0.0951569231919472,0.0990447315969007,0.0912331098623186,0.1113069686585874,0.1255246907834354,0.148754289491229,0.0586355757220314
0.131177550343189,0.1238255288760226,0.1094427682178752,0.1017198134396299,0.1004002870694621,0.1028882320311917,0.1300482499232577,0.1369861490214974,0.0635114210778743
0.1264099618998324,0.1184163164921663,0.1201793466775791,0.1077803452304375,0.1014452538579586,0.1085967321666187,0.1120821149691373,0.1197457497214873,0.0853441789847826
0.1167670861386336,0.1146360641038093,0.1041788218027756,0.110966280130209,0.1395430989256647,0.1226788959620935,0.1173686345481403,0.1144068663574654,0.0594542520312083
0.1213683314802217,0.112207558476683,0.1056802437177198,0.1043849876759532,0.1248678116455007,0.1098455717709046,0.1219935841021782,0.11878246477618,0.0808694463546584
0.1355122841653483,0.1045287856046569,0.1047093452114925,0.1153989104594168,0.1014616810804754,0.1376374968652535,0.1179663261614589,0.1139905283921361,0.0687946420597612
0.1106528668800495,0.1191079909725164,0.119837964100828,0.1158312470776458,0.0983307565776809,0.1141231228427146,0.1161249779798977,0.1241820173675072,0.0818090562011596
0.1168865670993039,0.1133032810698617,0.095461075539643,0.1418608205540239,0.0946140527152763,0.1167078328856135,0.1339136959614644,0.1269841657954131,0.0602685083793999
0.1213237429464069,0.1020651282476433,0.1021532919722816,0.1193380482307115,0.1248219374658525,0.1260827209801154,0.1239281387236649,0.118513740559646,0.0617732508736777
0.1739136327488323,0.0978764369437247,0.1017149035913289,0.1129471292918656,0.0940923504825066,0.1026941816434899,0.1259280560389981,0.1116932236716827,0.0791400855875709
0.1365887854484798,0.1782184369402045,0.1034980529685791,0.0776464375776659,0.1882965242003851,0.0786266401176673,0.0818999478285309,0.1075278663640616,0.0476973085544254
0.1406752862854346,0.1116772714706996,0.0943678860731385,0.0990497503345241,0.1228818475935162,0.110962933740207,0.1319410639420677,0.1276308426636327,0.0608131178967793
0.1005809297017707,0.1011506474984704,0.1021076419464073,0.1190255686104247,0.0944478313475111,0.1657747026409491,0.1264142854492494,0.1110527340328225,0.0794456587723945
0.0991294955768759,0.126245085613057,0.099883441894293,0.1770389103720084,0.1058840083620084,0.0964508400239509,0.1099270520208693,0.1248477634574953,0.0605934026794413
0.1274672639786043,0.1152336651993614,0.1046195390500061,0.1442777485900835,0.0962366092385894,0.1049179723257058,0.1063171458653898,0.1121895078927813,0.0887405478594779
0.1303543969726378,0.1113429841267799,0.1099638937516006,0.1078758409943339,0.1065690877066227,0.1079778507473853,0.1319605369649016,0.1271743494455844,0.0667810592901534
0.0912333031058296,0.1048562547908485,0.0852414889922936,0.2127202491356024,0.0826095767285989,0.1011287219486245,0.1668901262568643,0.1030605476946882,0.0522597313466497
0.1055366255847394,0.1034039280380663,0.1037620992761821,0.1126972116920076,0.1127277091533937,0.1273140388503374,0.1540946152831765,0.1182652381885759,0.062198533933521
0.1307218840484142,0.1203316038103678,0.1002205807697317,0.1052239249399471,0.1004519803922124,0.1218236160226117,0.1375026242013163,0.1191199384425045,0.0646038473728941
0.1141453528877408,0.1147493283994976,0.1053432744273501,0.1134236040509843,0.1132055683816033,0.1272213089489065,0.1161586687699932,0.1132372695218206,0.0825156246121032
0.1043501391240692,0.098907773944109,0.0913794565558574,0.0913208305614313,0.2556803779859296,0.0892652709538402,0.0999879048959063,0.0978241272651078,0.071284118713749
0.1297673445944116,0.1164494860243492,0.1143160209590591,0.1083311884559785,0.1063325207843362,0.1067929996417617,0.1102099380016117,0.1238738428452578,0.0839266586932338
0.1112746485798,0.1075065967440148,0.1047513076101073,0.1386078561781449,0.1196364456648435,0.1168792773337422,0.1281998645701751,0.1139331304501333,0.0592108728690386
0.1247978704246094,0.1147693193637472,0.1099126805944964,0.1003521765706654,0.126650546955824,0.1261321660844356,0.1175526423119149,0.1182150395758998,0.061617558118407
0.1204185736021763,0.1173362201821965,0.1123760660636725,0.1069525854021735,0.1039928111973641,0.1142702019694731,0.1250066909826463,0.1199593400112757,0.0796875105890216
0.1088738993645915,0.105735176776325,0.1027691403422118,0.114988102534711,0.1063002138105945,0.1067439352381468,0.1486796726187772,0.1472601043528932,0.0586497549617488
0.1203000064436185,0.1356616376636997,0.0909141830392892,0.1116843047778776,0.1119170108062781,0.121473177918109,0.1190738933869544,0.1093169125442549,0.0796588734199181
0.1116906416054177,0.104705983797798,0.1014078046065148,0.1085842286056699,0.1260450912200042,0.1200096957136499,0.1564453778624065,0.1124768674691892,0.0586343091193494
0.1364812498840463,0.1094129818198631,0.0960878191416879,0.113497265016963,0.1203486329972174,0.1155528044801353,0.1234343211142285,0.1232451248128467,0.0619398007330114
0.1237246235289577,0.1208856301161,0.0969145865959015,0.1232680778045333,0.1151029865903019,0.1249311920347065,0.1156172890902491,0.105655727744134,0.0738998864951154
0.0953503802247284,0.0904109194167407,0.0944030291294028,0.0904272323978839,0.1708462475039339,0.1086070157704235,0.1515133288275364,0.1419965572436191,0.056445289485731
0.1225121506875735,0.1147649868089621,0.1080889018608521,0.1179677414747475,0.0983196200091072,0.113349119570308,0.132418316053706,0.1293736219507403,0.0632055415840031
0.1111351235665831,0.1118944607111861,0.1087893931207646,0.1191933439675674,0.1023268173149858,0.1242903347857766,0.1229994793750659,0.1341998607370107,0.0651711864210593
0.1223941338295305,0.1214706406643452,0.1129608949485796,0.105615255621729,0.1043891417936096,0.1018232797134388,0.1161617191583742,0.1351457406930305,0.0800391935773621
0.1066527031072162,0.1138831908644933,0.1308568384614562,0.1002137299381405,0.097309784041039,0.128050763137497,0.1168078563506077,0.1349579052408863,0.0712672288586636
0.1224812851949373,0.119497819240032,0.0925626382764887,0.1215089697265082,0.1156133542451495,0.1127972834530861,0.142263876511005,0.1112990459251398,0.0619757274276529
0.1084624357792789,0.1174677803450465,0.1024450581206482,0.1166146913076165,0.1067633906459862,0.1146896689057672,0.1367404300641961,0.1254939596375935,0.0713225851938664
0.1391222929474009,0.1145413129731815,0.0966290633710978,0.1137094768889103,0.1041117121431215,0.1520752749094996,0.1075974254878192,0.113906168760784,0.0583072725181848
0.1043869127142951,0.1229202128926945,0.1046530922231854,0.1011781034717674,0.1282038304373538,0.1042565965000631,0.135024679040913,0.1362353068664819,0.0631412658532452
0.1200222804685215,0.116950070961223,0.1151177062039403,0.1013020062352727,0.1036505746486807,0.1193088317206514,0.1296901869360249,0.1201637299747488,0.0737946128509363
0.1142540253960024,0.1161459923138047,0.1130061697289071,0.1158779419801403,0.10293793537294,0.1113411390001034,0.1287985148811228,0.1163909178213867,0.0812473635055921
0.1204742995767907,0.1296454285889837,0.1032295576257049,0.1124071331706678,0.1128963505943335,0.1097281009789683,0.114947141649461,0.1343821779373412,0.0622898098777487
0.1140179845523903,0.1111757603567314,0.110133637660222,0.1202574648596632,0.1184227326828878,0.1274250877286116,0.1168888964223672,0.1194268064715265,0.0622516292655997
0.1397519357855382,0.1155423250946851,0.1050516072440099,0.1215266033482255,0.0986043396835268,0.1116648529045261,0.1242120617821833,0.1133163831670706,0.0703298909902341
0.1059996398753763,0.1137048950287318,0.1012702876256896,0.1190547286812186,0.1233525980909157,0.1103283949585491,0.11357325954138,0.1251529423374083,0.0875632538607303
0.1133961047836599,0.1086477560996164,0.1024143906735936,0.120452643313746,0.1163586236138802,0.1348666337915255,0.1212512756313924,0.1227252301261241,0.0598873419664616
0.1114682204300558,0.1232606209527892,0.1211135184180988,0.1052410801558261,0.1190634726367705,0.1129934387975848,0.1296820124266095,0.1120950715999159,0.0650825645823489
0.1101264216694035,0.1133462967345945,0.1223573129977025,0.1251543962468815,0.1005236015421342,0.1338597338678394,0.1203398385665213,0.1102696666246283,0.0640227317502944
0.1143775092201983,0.1126000329035475,0.096813434978662,0.1411127519947632,0.1222687353039719,0.1005154559239556,0.1248083499978345,0.1269940355216957,0.0605096941553708
0.1216556735254173,0.113425742888728,0.1041380361330685,0.1047251660268807,0.0971699139293507,0.1114205552357728,0.1073482118155473,0.1583692927455707,0.0817474076996637
0.1107467214011833,0.117841882033147,0.1047229009753845,0.1030467886838685,0.1278406027202152,0.1193030237576796,0.1289435721884529,0.1242873471624061,0.0632671610776626
0.1088337587829481,0.1131507205668971,0.0979782562662819,0.1191053314081699,0.1109432777554294,0.1104933952045652,0.1300506307237683,0.1486948791200176,0.060749750171922
0.1300753377789863,0.106829418163121,0.1337434123900557,0.0980231912487211,0.0904638061660327,0.1311074039816059,0.1152897449079174,0.1183698263478797,0.0760978590156798
0.1234533869500934,0.1163309556479934,0.1086936030673599,0.1061220736499275,0.1262014763212531,0.1177733631369049,0.1191456081385682,0.119823560879056,0.0624559722088433
0.1099756628193098,0.1253371746398974,0.1042171860268848,0.1231800660895695,0.1041685250538665,0.1142735053321523,0.1351194062532808,0.1208990526132371,0.0628294211718015
0.1197043926465484,0.1165608553658352,0.115142752970403,0.1067188390007757,0.1011339834394923,0.1200303979092333,0.1357732189757106,0.1229362536175857,0.0619993060744153
0.1137439476009639,0.1145080733975505,0.105604792642322,0.1066347311134097,0.1138606197839828,0.1285935417260723,0.1482516958138427,0.1059826188718344,0.0628199790500213
0.102320993307158,0.104658048941179,0.1254130041441595,0.1248731316696997,0.1002953937916957,0.12535151017447,0.1040308270320472,0.1395853583817278,0.0734717325578627
0.1241801593529236,0.121330713184853,0.0972714118162987,0.105919792520762,0.1155267788180881,0.1253911702660345,0.1177057396041208,0.1128428170623369,0.0798314173745821
0.1264756082527478,0.1198792259852441,0.104258230500585,0.1099972694558476,0.1015144634252713,0.1302182152635305,0.1121363278928011,0.1101270233248753,0.085393635899097
0.1125030716532233,0.1135344063899902,0.0989187214498517,0.104825494249742,0.1227203986929039,0.1115272977382784,0.1200097283234275,0.1341351586046795,0.0818257228979029
0.1129882993161352,0.1065884335762369,0.130832576182278,0.0971946359792778,0.1059857593329644,0.0965435260373893,0.1213103258737187,0.1192970628995659,0.1092593808024334
0.1114908163761025,0.1026290956737965,0.1259100351688362,0.0937332479157584,0.1525797942437582,0.1005379069405624,0.1428903138279367,0.1156398569319039,0.0545889329213449
0.1285450448980206,0.1183277882433656,0.0985855846826992,0.1034716891835949,0.1234345624614623,0.1184922310494362,0.1242068441013274,0.1219971088082563,0.0629391465718373
0.1094208587799677,0.1259826786919897,0.1004892802794073,0.1037712214964621,0.1024090568193364,0.1056968054241023,0.1480544853285545,0.1384103891667967,0.0657652240133829
0.1327222195647809,0.1094267482851961,0.1039105316433774,0.1185938332307686,0.127816029448475,0.1288717831761055,0.1082694820727146,0.1074286695017111,0.0629607030768705
0.1126696614794267,0.1178104985615902,0.1013753935331395,0.1235516517095623,0.1238714170425683,0.11080586460732,0.1229844245876088,0.1256282415882533,0.0613028468905305
0.115856008329056,0.1291059373111367,0.0982002810020861,0.1169033161794126,0.0973620491615213,0.1212255527520053,0.1155095114211467,0.1210208279192776,0.0848165159243572
0.1410246904261242,0.1012840949391093,0.1072343851654146,0.1213575051247431,0.1033722802550884,0.1009470132527879,0.1267918711728633,0.1192605800258433,0.0787275796380256
0.102681365690093,0.1084394716559539,0.097419985526745,0.1087349560697212,0.1843704846829041,0.1097840312801647,0.118655376172744,0.111695150798703,0.0582191781229705
0.1059521202133394,0.1118936416510008,0.1058453959683115,0.1121985382592436,0.1213876623694798,0.1042639805120275,0.1331698011273666,0.1195319572731439,0.0857569026260863
0.1227682051156725,0.1106164324519977,0.1000117979553981,0.1018114630042457,0.1263080486110016,0.1140568106954223,0.1307290727698399,0.131189455522736,0.0625087138736858
0.1230806801053524,0.1137906605605914,0.1071712539163975,0.1050620918675122,0.1064058477243406,0.1169251104447532,0.1273515267111821,0.1205928432887396,0.0796199853811304
0.1059017099050956,0.1020589905608886,0.1094284875541668,0.1130870667277229,0.1131176696894024,0.1030400570574671,0.1294734449086414,0.1276538156188186,0.0962387579777962
0.120815475806105,0.1036295160032822,0.1111029516578188,0.1204127494161453,0.0969563503258597,0.1403690302178289,0.1071122779753639,0.1180339083511429,0.081567740246453
0.1070556616436846,0.2006984815132061,0.0983973281342003,0.1034724952389783,0.0864973998252167,0.1217761989996283,0.1156701260849964,0.0937388678270974,0.0726934407329914
0.1136410116433576,0.1105662077065815,0.110848840898561,0.1132985463326975,0.0961777766667246,0.1378511354385198,0.1260172782924934,0.1297678506784479,0.0618313523426164
0.1140621207192214,0.1196821099363058,0.1033008204895564,0.1215204315476106,0.1139570375888948,0.1236873948145149,0.1137338468544216,0.1113095446542142,0.07874669339526
0.1698966872324325,0.1036568984534177,0.1051992463505312,0.1108933741280157,0.0926273800725644,0.1074860589813941,0.1342002293355062,0.1160557992810549,0.0599843261650829
0.119036760979109,0.1456427382701434,0.1036500523506844,0.1131232010784089,0.1224690136837887,0.1086942505206592,0.1150204009398026,0.111753680686601,0.0606099014908026
0.1237594026417236,0.1144181537275526,0.1050491848120218,0.1053466439145411,0.104415033813383,0.1138838977098923,0.124436811974409,0.1262282203116111,0.082462651094865
0.1206553805554928,0.1144254616679985,0.1060809210393603,0.1000593012019247,0.1096880339517485,0.134416937651102,0.1284792427310493,0.1253312417905512,0.0608634794107722
0.1207796218985999,0.1083841619497305,0.1020792610184857,0.1200584872528148,0.1013502213216553,0.1070470155921131,0.1473242014176526,0.1148631547843551,0.0781138747645928
0.1112578502824979,0.1498661938259624,0.0993265126032123,0.1048167104693224,0.10862781017452,0.0989501975168331,0.1414383401519323,0.1257834883134704,0.0599328966622488
0.139979994633388,0.1120818587113445,0.1039082266357864,0.0980099384926183,0.1169190719719036,0.0999589972644355,0.1200642737518477,0.1227642723019448,0.0863133662367309
0.1176891207572311,0.1131150469165337,0.102696065837652,0.1205762540887992,0.094467259635264,0.1450343080956493,0.1189268820731021,0.1183074844199012,0.0691875781758671
0.118204563313352,0.1206229271781741,0.1124941897425926,0.1113612518802852,0.1067052910615349,0.1051284458359442,0.1281711940876733,0.133637152527859,0.0636749843725842
0.175829251822037,0.1072636580815665,0.108872663024621,0.1154274982730354,0.0978336310724198,0.1072214171913987,0.111303930812575,0.1141690512902279,0.0620788984321184
0.1053961610940532,0.1163284843061448,0.1063948526417234,0.1176944233099861,0.1218942385455076,0.1042006735965249,0.1031588794058792,0.146375124106884,0.0785571629932963
0.1205709659521374,0.1174046717329999,0.1031183724411035,0.1102374892611218,0.1125438991586324,0.1150124132302312,0.1186080101358813,0.1209295131508476,0.0815746649370445
0.1234812286864131,0.1171053999806996,0.1121555975874734,0.1068285548960878,0.1122570178155416,0.1061193559326538,0.1314883321414184,0.1282666024328133,0.0622979105268986
0.0981534658260443,0.0974217630719139,0.1037724372802449,0.1075291271565527,0.119366735216587,0.1631310044503549,0.1012798471198117,0.1538210190974881,0.0555246007810023
0.1114480615160962,0.1132935636304491,0.1378575549866642,0.1013217067150697,0.1087281212782672,0.1221895186458381,0.1171508946117328,0.1087585685916589,0.0792520100242234
0.131178030793098,0.1146158712822604,0.1112073524540486,0.1053852693202516,0.0970474578979135,0.1184000504066407,0.1263953638602729,0.1141262164772075,0.0816443875083064
0.1192330917641675,0.1175428076991379,0.1138336237411036,0.1115933442789531,0.1063890562710212,0.1108419294496819,0.1243259327914342,0.1296731187638468,0.0665670952406533
0.1123225449581973,0.1116969335053187,0.1083752198835743,0.1019294998981842,0.1111697526690167,0.1449731127273371,0.1139870084247232,0.115980788999794,0.079565138933854
0.1109955661909376,0.1173437485575225,0.1130198549391139,0.104517098266733,0.116903135560583,0.1314848651187237,0.1232574929604218,0.1179784598156321,0.064499778590332
0.1077685417494502,0.1016643327087304,0.0933280699149193,0.0927045034640999,0.2153202574037918,0.1141699115384215,0.1122669378801224,0.107003637770373,0.055773807570091
0.1102738211853356,0.127528710184181,0.1120231994106372,0.1093483200654488,0.1074296080892927,0.1179016713795249,0.1153827503666519,0.1312215683688676,0.0688903509500601
0.1208278034765864,0.1195176625516836,0.1052476194836589,0.1233628250404334,0.0990846174113963,0.1280213695339532,0.1321406803471006,0.1086911686605647,0.0631062534946228
0.1182932348490822,0.1077738681285712,0.1121492696854413,0.1050649158533728,0.1100198067862739,0.1121408820963064,0.1147403665610025,0.1415365975398883,0.078281058500061
0.1041821826621144,0.1057279552249723,0.1025837508314537,0.1823735257718562,0.0954195984596707,0.0998677688467436,0.1165940041406059,0.1179379607558868,0.0753132533066957
0.1168298933145228,0.1102124326027054,0.1011752434839453,0.1025539713109632,0.1472884033585626,0.123769500526162,0.1217065217953529,0.1160006749840085,0.0604633586237767
0.1113388071472514,0.1228667459238193,0.1051467232353058,0.1404773182616048,0.0994905906178511,0.1057073333155099,0.1209301946826414,0.1151223508877403,0.0789199359282756
0.2544659345953922,0.1063538972469671,0.0853029977027109,0.0911921713908449,0.0931001114943529,0.115303449188597,0.0996793497474431,0.1024332307458266,0.0521688578878649
0.1133045742233333,0.1141502358319681,0.1385339937000658,0.1018188715236044,0.1092616278421633,0.1097136404968927,0.1242839484646154,0.1092922245542695,0.0796408833630873
0.1197581914998837,0.1135745980644119,0.1010554650265022,0.127195453028112,0.1114931360486182,0.1169552518747932,0.112526267863818,0.1279729708718502,0.0694686657220103
0.103109151527367,0.1065937477315264,0.1835008820813429,0.1080203957842234,0.089201749369373,0.1208460551143921,0.118961418663596,0.1129543491589728,0.056812250569206
0.0982074401224352,0.1204617512487851,0.0989543735895368,0.175392178569261,0.1048991256398673,0.0955537001503751,0.1110940250265211,0.0987597181483353,0.0966776875048829
0.1121086363688336,0.114806747019717,0.0948929754777686,0.1383135400328565,0.119843326532674,0.106928496385578,0.1293220045829666,0.1244748923663249,0.0593093812332805
0.1195931113553818,0.1218361974564813,0.1080597446300425,0.1059330968205122,0.127679340662446,0.1021297092448321,0.1295312933251463,0.1220490147619121,0.0631884917432453
0.137546981397523,0.0970508074217012,0.0992721901546395,0.0973152591061177,0.0810384188229045,0.14231745478411,0.1876726950113715,0.10566343403903,0.0521227592626021
0.1130106373573031,0.1202647749080454,0.0868262986421473,0.1065166576877788,0.1051355947205986,0.1253588567029739,0.1236303238657593,0.1444247732046675,0.0748320829107256
0.1073242386489694,0.1223153968595861,0.1193577797478961,0.1202102944495421,0.1127284430173498,0.1223538952338583,0.1053640344182167,0.1101094932557507,0.0802364243688305
0.1041370973714629,0.1175431532325152,0.1292698050396525,0.0879696658357089,0.1340511323307742,0.0881026501585511,0.1026669462117559,0.1582261259155619,0.078033423904017
0.1099784547822758,0.1096479207726253,0.1169697700676047,0.166088568129175,0.0955394834853097,0.1025377043702706,0.105504047095124,0.1133910050001212,0.0803430462974932
0.1768436463164623,0.0983095069612233,0.1038900827176839,0.1018454950907198,0.1043859269665999,0.1019368783091463,0.1209384074461619,0.1123504905630667,0.0794995656289355
0.1190318288482815,0.1174159205325237,0.1050204861955517,0.1146188864146118,0.0981522861898856,0.1415313570128083,0.1286558310085181,0.1141621340640362,0.0614112697337828
0.1066859611645335,0.1123634193548053,0.1475868675984571,0.1015187322525223,0.0902942654585182,0.1509094144651587,0.1107683797854158,0.121825806350036,0.0580471535705528
0.1098573478942987,0.121212021222579,0.0968134525959446,0.1034972884872984,0.1441584158101376,0.1014249389285755,0.1396579288581427,0.1242001386861699,0.0591784675168532
0.1166487406612797,0.0981322236388537,0.1027332738262831,0.1147395612846926,0.1660025367991019,0.1065137133778507,0.1191527805154976,0.116676470337404,0.0594006995590364
0.1231175080111584,0.11992727035461,0.1202249055146875,0.1048703557041675,0.1001662224111465,0.1200939359971802,0.1258857956661584,0.1219240871776523,0.063789919163239
0.1169011307375266,0.1138312094547212,0.1012837905836315,0.1024569744493431,0.1091183848894184,0.1417569854548989,0.1197570297452552,0.117248764785417,0.0776457298997878
0.1236209925621488,0.1107519560548108,0.1060707005599749,0.1010326715864548,0.1395607666198259,0.0952559617921796,0.1434879304522627,0.1213076179089956,0.0589114024633465
0.124177418330127,0.1099059070423423,0.0938444549851512,0.1231916381394651,0.1155242288009517,0.1253884025126512,0.1152979686416753,0.1128403262881616,0.0798296552594741
0.1195890209808363,0.1131026073575069,0.1147021513734645,0.1019853158704235,0.111224965644545,0.110721779732398,0.1292220279931156,0.120313580484702,0.0791385505630079
0.107073781194723,0.103028278961124,0.1174475331732029,0.1362015463225453,0.1000963258721542,0.1410736290408853,0.1227345205409621,0.1085859836293816,0.0637584012650212
0.1385520629457915,0.1114480595270417,0.1296962316811369,0.1014953854481141,0.0943652108888059,0.1093650721572419,0.1267451238735536,0.1089449950841956,0.0793878583941184
0.1086720385973218,0.114455188965498,0.0979921727511191,0.138422368167851,0.1387793125952956,0.0979502736273671,0.1205071508295724,0.1240937287840843,0.0591277656818903
0.1118817075399754,0.1172245538012395,0.1083687387814624,0.1016389721739715,0.1091511839752292,0.1232523249241303,0.1230041579611675,0.1259179800980698,0.0795603807447539
0.1083836339002538,0.1611650674762466,0.1018806027493586,0.117773909083286,0.105381146707527,0.0939865163096762,0.1457457978289419,0.1075406542564185,0.0581426716882912
0.1141637853317353,0.1110748366194788,0.1004688333608041,0.1138197446052019,0.1255140885159033,0.1158811244691944,0.1265969855339164,0.1303648113790876,0.0621157901846779
0.1224995652346501,0.1176280360414425,0.1068936817224748,0.1158278189987896,0.0983309287011186,0.1179255669299808,0.1345395251516978,0.1231432039953665,0.0632116732244789
0.1833399308704918,0.1141954848185808,0.1037743740279776,0.1028814016716578,0.0980834054433109,0.1021886487895589,0.114619974088647,0.1195497124291852,0.0613670678605895
0.1364412269609803,0.106783224729336,0.1012656459263717,0.1103332741861509,0.1036548561924452,0.1259689359544904,0.120516262332757,0.1174750645407712,0.077561509176697
0.1086182172951648,0.1174654218780179,0.0982658119993224,0.1158919453531603,0.1107919079572986,0.1170100712195294,0.1307793223223621,0.119973835081721,0.0812034668934232
0.1242481815531102,0.1108030258866472,0.0984198222083089,0.1028656505134536,0.0949293291689612,0.1369285970557373,0.1582655108941421,0.1125163471009784,0.0610235356186609
0.1308320476983576,0.1082463078333725,0.1056509009895328,0.1089997614672453,0.1190585798399522,0.1106107305698984,0.1308528786247518,0.1086416401522423,0.0771071528246467
0.1169303475191502,0.1106175886718007,0.105299232978809,0.1178190160808454,0.14104384202171,0.1093718840917435,0.1231871474104423,0.1156372770058458,0.0600936642196527
0.1060206578922266,0.1116083975395172,0.1649362473394343,0.1148422981956468,0.1039218178955231,0.1155104751864217,0.1039842003207036,0.1039509192919282,0.075224986338598
0.1465558673876878,0.0993961420268154,0.1050384010272532,0.1181970080587444,0.1123059018354151,0.1030636074513381,0.1178986749321714,0.1171661067105626,0.0803782905700118
0.1236372762499849,0.1172533901857088,0.1018200792528618,0.1175728914589277,0.1272021781535466,0.1062534626881279,0.1161711035463672,0.1247953877010021,0.0652942307634727
0.1110007147028259,0.1128388090661734,0.1062739925375755,0.1028531713787097,0.1082916921658625,0.1203676482391417,0.1239302471905479,0.1355098282058191,0.0789338965133439
0.1144229540011863,0.1110112809197925,0.1114006192727907,0.1060242155111333,0.1030283306348968,0.1131647891631152,0.1195699338630245,0.1251589477269415,0.0962189289071187
0.0972429287786812,0.0871786044095973,0.0920446570658454,0.2061379449442657,0.1084845396838511,0.108040512306432,0.1245567152986923,0.1235184809522369,0.0527956165603978
0.1130569068495369,0.1124592432370667,0.1141461843828088,0.121018519568504,0.1048040973613817,0.1263509991882741,0.1218524491288876,0.1187775329966926,0.0675340672868471
0.1030622129378351,0.1195184473592682,0.1039511460170986,0.1134037944788951,0.102884018683157,0.1151810530300518,0.1080075871009646,0.1153098246173963,0.1186819157753329
0.118936981855213,0.1114991687404441,0.1093954940049485,0.1165228289461447,0.1131542442013128,0.1128436681790943,0.1232457762037964,0.1207067324788222,0.0736951053902236
0.1486517683897576,0.1194826043070981,0.1065748465153215,0.1125137723434803,0.1085946114038107,0.1099341131534069,0.1167467941845411,0.1166859650860163,0.0608155246165671
0.0992157696568368,0.1097119639035085,0.1871071821822574,0.1132416541531518,0.0952757158053435,0.1089064344818235,0.1050552420063614,0.1098417261194848,0.0716443116912319
0.132976363122914,0.1010015223481284,0.0986425745938664,0.1010313276599873,0.104796545635988,0.1148524696127871,0.1217126436249815,0.1625940109120591,0.0623925424892877
0.1091597556959539,0.1150793036828307,0.1102114850659719,0.1168469260207611,0.1095744095961162,0.1189305509166986,0.1078149362604202,0.1471765123072579,0.0652061204539893
0.1170496967494024,0.1035973630573788,0.0966162216536636,0.0998378457469979,0.1655367347145768,0.1077243825219667,0.1134892687923015,0.1186418660008079,0.077506620762904
0.0999614853360072,0.1105787971394518,0.0985749152420695,0.0943789573068635,0.1067726884677661,0.1205884720787028,0.1280734655477375,0.1821584215158595,0.0589127973655418
0.1620929831440593,0.1100347248201289,0.1320405783796777,0.1011598115473081,0.094053211463625,0.1090034787339184,0.1039050428044065,0.1085847905604896,0.0791253785463862
0.1216409194258102,0.126326789897813,0.1001760021895378,0.1052364296721693,0.1251482592699466,0.1130095150181161,0.1165424959468334,0.1299848439888925,0.0619347445908808
0.1134960266131271,0.1004521105234738,0.1472320253722997,0.1125950404575234,0.1055871600712186,0.1146028453476127,0.1277471799421835,0.103134119292026,0.0751534923805347
0.1753401593367241,0.1121621631759497,0.0973989777665257,0.1174394110459098,0.0936653166020239,0.1021235536128963,0.1371214327842515,0.1045290995978078,0.0602198860779106
0.137725492613615,0.108698117366894,0.1014302283599871,0.104402801294371,0.1153952035812314,0.0985538501749475,0.1286652260705619,0.1441736579223442,0.0609554226160478
0.0948486453437635,0.1451454517430206,0.08458891527567,0.0892452294833791,0.220416164225418,0.0897366096540903,0.0909807340284342,0.1157549428519976,0.0692833073942263
0.1088007252889884,0.1034140284235286,0.1076124292865905,0.0996611642721588,0.1652437869430119,0.1076043810055344,0.1100987069955592,0.1224504690071823,0.0751143087774457
0.1076226166058742,0.1129253230699098,0.0954009195713024,0.1146598601863884,0.1634545053025527,0.1064392264969865,0.1198840524109391,0.1211245590887917,0.0584889372672549
0.1031237313640877,0.1246266252233251,0.1146129750921073,0.1215134140837529,0.1009902601174715,0.1236802522146104,0.1121207158834296,0.1164299254935294,0.0829021005276855
0.1184983292652677,0.1154651283266867,0.1404999522237675,0.1000915001542481,0.1108121774425371,0.111270604682652,0.1141023189324736,0.1108432083575804,0.0784167806147866
0.1023083557682559,0.1132622367320682,0.1029789146022112,0.1545793545823107,0.0992387706567651,0.1048168824034628,0.1265537302108361,0.1197752432063659,0.0764865118377236
0.1204017496532486,0.1024357737576305,0.1090804389968223,0.121530749634596,0.1128283641305601,0.112518682555888,0.1228908328912167,0.1366418784891296,0.0616715298909079
0.1223344159657985,0.1193545275316896,0.0947412282196166,0.1034857554092276,0.1138096543664007,0.1248937859098121,0.1313849898802625,0.1089896474192085,0.0810059952979836
0.0952155461045282,0.1152360520918571,0.1671132661126966,0.1121949906967717,0.1230296855579775,0.0984304290642393,0.1240471068692836,0.107501336425037,0.0572315870776087
0.1760505815616216,0.0989603332208483,0.1094349101371921,0.1158148718323446,0.0924131505207518,0.1029266902680674,0.1109972407174046,0.1156880985073603,0.0777141232344088
0.1661670942826373,0.1404256305667359,0.092657245073444,0.1143832818421889,0.0918655530196886,0.108800891362291,0.1027333489509257,0.1106003725004861,0.0723665824016022
0.1142378874777476,0.1320469091035235,0.1054602152289533,0.1100739895200501,0.1279264559118455,0.1116454791870642,0.1142152212294327,0.1141557111675614,0.0702381311738215
0.1045661660678323,0.1156725595502932,0.1378754807030845,0.1026363153996601,0.1116911241994887,0.0987802832086492,0.1384883169197067,0.1292349740615553,0.0610547798897297
0.1459770065544713,0.1154329247524096,0.0967192581958421,0.1009825896533786,0.1252272487463701,0.1011887086967551,0.1296104428352726,0.1234605078496783,0.0614013127158219
0.1114490800128053,0.108951788891414,0.1091451336467371,0.1221221835382108,0.101496210724002,0.127503294273669,0.126578413075115,0.1270744802602756,0.0656794155777708
0.1126816787136364,0.1049356431944742,0.0910912336981744,0.1176205550022471,0.1102998881498072,0.1197179753197755,0.1293866893699977,0.1077373594920673,0.1065289770598198
0.1025149668858758,0.110373428310163,0.1028662220509496,0.1150967269859948,0.1064006311767567,0.1009761679266047,0.1877198978576118,0.1153421894597741,0.0587097693462691
0.1184306869733814,0.1107104073685187,0.1154081726924559,0.1024591290458172,0.141531193546613,0.1072143315572102,0.1173914510604645,0.1265544065467326,0.0603002212088062
0.1273211561366208,0.1169786825344904,0.0994565428336719,0.1080055694415709,0.1184488981211181,0.1055744495692038,0.1242095952782985,0.115697048586141,0.0843080574988841
0.161619605012899,0.1327946188830347,0.0834273297892913,0.1081674638562906,0.0868797530297215,0.1459395791586944,0.1185429936095608,0.0941946201452042,0.0684340365153033
0.1117246537487316,0.1147626216357469,0.1161182875608578,0.1234824723659213,0.120307111121916,0.1083331141738794,0.1190711465327921,0.1197895905007484,0.0664110023594061
0.1686916767997369,0.1431921560543168,0.0940649898619347,0.0961191226564907,0.0933189069218124,0.1104539071375497,0.1084738646797806,0.1122193254510488,0.0734660504373288
0.1221040805583876,0.1110006335467041,0.1063208897655591,0.1218931668458577,0.1055615567877529,0.1132674488891092,0.1213777226635696,0.1194862706154922,0.0789882303275671
0.0978594201264003,0.1083687874635026,0.0999134975475854,0.0923851145897503,0.2047525633054291,0.1062424402301243,0.104337894271323,0.1154753990334564,0.0706648834324283
0.1028683504251002,0.1100978328530058,0.1035425796275342,0.109684945175145,0.0974365060760106,0.1053906077228881,0.1873517514489202,0.106722258531084,0.0769051681403115
0.0995795808390688,0.1144487982454742,0.094504259857485,0.1334953913579148,0.1033539840615564,0.0924012916385453,0.1821577017721275,0.1230237594357661,0.0570352327920613
0.1362506848286946,0.1171996670576616,0.1037678286750261,0.1006439179985657,0.1274998962013939,0.1116306597870724,0.107916753080179,0.1322960189577264,0.0627945734136799
0.1184515968500741,0.1155662882419556,0.0990486593882371,0.102202983683623,0.1101974059403209,0.1241545451772454,0.1116148784419419,0.1480132991944351,0.0707503430821665
0.1285134013315628,0.1936949063350013,0.0948876475125611,0.1111889398928106,0.0893552450260262,0.0998543293237678,0.1047070242781757,0.1074528801621661,0.070345626137928
0.0930160194193884,0.0929467865528135,0.1089248126117438,0.1647440155865946,0.1013221939019987,0.0903664490967452,0.1402511884659431,0.1050180018454561,0.1034105325193162
0.1211815418292454,0.1143175957166385,0.1158628931927485,0.1042426155344313,0.1136712191054091,0.1004674809410021,0.1301070324817796,0.1279477795963727,0.0722018416023723
0.1082909880875232,0.1143636671989182,0.1064874533720919,0.1000052650520662,0.1240672661685032,0.1013806842805778,0.1355841131457192,0.1221705968231741,0.0876499658714258
0.1125001113526219,0.1164300774882152,0.1034682683693481,0.1018122367393944,0.1263090085125086,0.1178737140058393,0.1362990718825814,0.1227983227292081,0.0625091889202827
0.1216594425653575,0.1167162266688836,0.1016285538970899,0.1008919681133208,0.1251673164974116,0.113026723791502,0.128960954907617,0.1300046377179731,0.0619441758408442
0.1105804482815892,0.1112172206698973,0.1020838019099587,0.1129255212706766,0.1609821011932697,0.1048292324470033,0.1137036825855325,0.1105009029274238,0.0731770887146486
0.1162884356065739,0.1241144669032726,0.096209096587971,0.1083749649690143,0.1119211293172263,0.1167780762794774,0.1252153635627115,0.116329525462367,0.0847689413113857
0.1218246382566629,0.1125897634780263,0.0926237386194629,0.1256026374151599,0.1512595447141814,0.1016134055263855,0.1107098348279866,0.1113562151084974,0.0724202220536367
0.1353740185612461,0.1177407310138695,0.1068956800494969,0.1176040271965812,0.098330368147575,0.1095387624013943,0.1086472282931892,0.1231455060995523,0.0827236782370952
0.1118006943663008,0.1090498939139519,0.108476566811993,0.1270331050259079,0.1020325742860403,0.1128219425049833,0.1294851869774071,0.1343162508819529,0.0649837852314623
0.1110554447446714,0.1236996856067127,0.1018459197597675,0.1101233836500625,0.1272344602808747,0.1062804283255199,0.128332200138255,0.1284612908418889,0.0629671866522471
0.1068894614446206,0.1515497036061617,0.1023224199923453,0.1176150809505426,0.1067046498888416,0.1194583385710205,0.1120184836717864,0.1195918921327796,0.0638499697419011
0.1042393580066547,0.1073644620438408,0.1470347952088288,0.1195399100503983,0.1158250073889248,0.1063897987405877,0.1256856799527858,0.1059811498513638,0.067939838756615
0.1133241643181293,0.113641788494483,0.1152489578338644,0.1014175058736116,0.1262005142854264,0.1011574591221048,0.1154021397698682,0.1397287204101449,0.0738787498923671
0.1320700163915922,0.1025422631884218,0.0982080143850315,0.0935434385946235,0.0870517290576079,0.0898887316693638,0.229835853382742,0.1123154671528207,0.0545444861777962
0.1252579204432502,0.1042079366663722,0.1243551068155171,0.1611617119029718,0.0926699328850206,0.0992003666841216,0.1023743719032952,0.1128129049175729,0.0779597477818779
0.1181867678811774,0.116684924023351,0.0832307932452725,0.0898438276844074,0.1932783888315395,0.1147580229942859,0.107610903338902,0.1209481459807021,0.0554582260203617
0.1096719441950877,0.1229649748321242,0.1081879627492977,0.1170162361336946,0.1118667222620772,0.1181452091611775,0.1165631466828921,0.1242045370698211,0.0713792669138276
0.1065175165873448,0.1015222618601559,0.0979723561628459,0.096299538525939,0.1199695327188998,0.115669203858333,0.1030948774051338,0.1854196389084686,0.0735350739728785
0.1078663002141981,0.1181215569405607,0.1016436568343534,0.1051548764294428,0.1245977474126494,0.111170560508701,0.1289589077464982,0.1140392565527132,0.0884471373608827
0.1291974770009461,0.1152167477196128,0.1121124803946743,0.1063787878017309,0.1166648188952134,0.1143938104876791,0.109043251769018,0.1139544177625941,0.0830382081685311
0.1203176659001149,0.1239383657635967,0.0924403032817191,0.1026252686027214,0.1119334396797418,0.1214910095904782,0.1382504204901696,0.1093329597359257,0.0796705669555321
0.1067001016402408,0.1038828818293872,0.1074161124951864,0.1693907659098379,0.1053740475024767,0.1038612640751928,0.1219210900192132,0.1176023521693812,0.0638513843590834
0.1453534884476272,0.1126202369870888,0.1075596055026082,0.1160058938783406,0.1011857882687958,0.1074867003460937,0.1239857690993398,0.1230982719796882,0.0627042454904173
0.1237456472283589,0.1102094712159026,0.1110126511873337,0.1062100024787048,0.104466055422211,0.1146751762011072,0.1285329955718423,0.1186945150273408,0.0824534856671985
0.1242388433562564,0.1170353741694959,0.1058159033740563,0.1116647974072691,0.1157248912088614,0.1077680516523089,0.1199021737768605,0.1340014171100523,0.0638485479448387
0.1116878973199815,0.1179510663336625,0.1059650236174739,0.1031422648537047,0.1279590511576015,0.1194135618530802,0.1290630425625887,0.1214923121610664,0.0633257801408402
0.1296401233170276,0.112068574976115,0.1128853036461157,0.1080016399196786,0.1062282745337566,0.1165330630349364,0.110101890409694,0.1206967514664544,0.0838443786962215
0.1269149876616336,0.1134840993828264,0.0996748719924425,0.1137933297955717,0.094763442120559,0.1148912082122035,0.1296779979335498,0.1458725159923205,0.0609275469088926
0.1198348080190502,0.1101004608283643,0.0905626191784792,0.1419521155151347,0.1114842293073522,0.1223418834276281,0.1220390643790022,0.1023339856626678,0.0793508336823209
0.2511601063229724,0.0909101462335697,0.1176046441238487,0.0943037360666206,0.0831723584501771,0.0922384450937305,0.124237546152109,0.0948941377809477,0.0514788797760239
0.1040886137211722,0.1107572123484382,0.1047703946747178,0.1110590123246048,0.1201548086125477,0.1277093377296627,0.1253255549843664,0.118317950678725,0.0778171149257647
0.1303427148926936,0.119868589274481,0.11199898419359,0.1125509924591634,0.1017606558660197,0.1128798181713802,0.1227755769358327,0.1234674049087904,0.0643552632980487
0.1159208928798226,0.108405719473994,0.1086828299506876,0.1110846675970656,0.1465010078602408,0.1068129608324088,0.1190301458572054,0.1229377946657256,0.0606239808828492
0.1107427308054516,0.1446044445461234,0.1064669903061917,0.1123167406182732,0.1215959264993186,0.107919364251058,0.1207252278996438,0.1154507643353348,0.0601778107386043
0.1490348118432038,0.1099584507784864,0.1198768854742578,0.1102580742262116,0.0943555504874847,0.1278747517034104,0.1156151288777436,0.1117944074034084,0.061231939205793
0.1131067573963065,0.1185081052052201,0.1118714319212122,0.1205025987863632,0.104357301184441,0.1139625408525393,0.1213329731752526,0.1182711658890557,0.0780871255896092
0.1222570026761445,0.1175861653100131,0.1018476514119837,0.1053340709266845,0.1073845032703333,0.1015521905825541,0.1368771170148147,0.1443301226141555,0.0628311761933162
0.145738063878778,0.1152439782014804,0.0918775552183483,0.1008172961544931,0.1250222703419526,0.1187068443385906,0.1262916735892339,0.1144278051441013,0.0618745131330211
0.116633973024821,0.1081873366259469,0.1085667708519842,0.1033271339540035,0.1665694374641802,0.1102860631636169,0.1235679517704301,0.1022653792314634,0.0605959539135535
0.1158845099341811,0.104718120357986,0.1192468758780817,0.1305361548285785,0.1034253043239779,0.1077541308006961,0.1112124705398409,0.1225404393030372,0.0846819940336204
0.1149753689905509,0.1210939608205314,0.1011830604087157,0.1094066508168366,0.1264063608148171,0.1055887071852372,0.1274969560842629,0.1312915671825362,0.0625573676965116
0.1209899562721326,0.1583340914641146,0.1085956455191955,0.1095097694916063,0.0990109969154271,0.1033805895328948,0.1309541376186012,0.1056390451526298,0.0635857680333978
0.0927601328917907,0.1011547641754108,0.0919655299240783,0.1065676913516096,0.0953541035023706,0.0850436751166989,0.1038581502913742,0.1000447256054263,0.2232512271412404
0.1257211934721849,0.1208526263313141,0.1179549595216605,0.110284565356903,0.1023215211751598,0.1095419632027659,0.1130468571315477,0.1141892950980147,0.086087018710449
0.1142811132238332,0.1059439677940599,0.0895713348937074,0.171025235322897,0.0843262915827662,0.159430859556802,0.1070148990075979,0.1141965787515674,0.0542097198667686
0.1229218701922984,0.1110487975019081,0.1003150899849089,0.1060600467001305,0.1030631493559716,0.139565427237624,0.1354991955617552,0.1193277593200162,0.0621986641453866
0.1455952284337519,0.0946569798274997,0.1128224719094807,0.1076615533832151,0.2111380349040923,0.0850442254242984,0.0934250381783541,0.0988140762169202,0.0508423917223872
0.1181132023116925,0.1195426254101644,0.108637800571763,0.1004647164337417,0.1123705169687769,0.1263868774443948,0.1184785004937715,0.1340067948990144,0.0619989654666805
0.1237096036019315,0.1173219829877837,0.1109803163245104,0.102584178573857,0.112464633881827,0.1103638194094703,0.1157273944668689,0.1253308592943704,0.0815172114593805
0.1096394831868551,0.1180171733625982,0.1064141026693894,0.114770438620888,0.1265624610390561,0.1168490364245934,0.1197367168415346,0.1230447306894798,0.064965857165605
0.1235387203575991,0.1100251794729799,0.107570087820593,0.1136830089645884,0.106801833197369,0.1128562324533658,0.1221677052376865,0.121041625147207,0.0823156073486111
0.120520472772615,0.1148685341936042,0.1108519524458766,0.1035776629470401,0.1146607455027868,0.1294971991995898,0.121392009163154,0.1213688546195254,0.0632625691558078
0.1198691984918295,0.1177580916183999,0.107066192240486,0.11298419504523,0.1153480720480646,0.1138062607629765,0.119219272545551,0.1239426241665933,0.0700060930808688
0.101881264513012,0.1426497573407655,0.1096699301995733,0.1148368382534782,0.1075954028202262,0.1073000842269841,0.1231527090128233,0.1185619511620876,0.0743520624710494
0.1099386227060734,0.1059494210914188,0.1080900798211975,0.1173978812339976,0.139294184764393,0.132624385181949,0.1113556803714758,0.1105568720509559,0.0647928727785385
0.1094926968343004,0.1050332047508015,0.1061616621583351,0.1244341926125339,0.1304412078250685,0.1105137697903404,0.126836108536673,0.1234328459128182,0.0636543115791287
0.1113206169476479,0.1493865866449021,0.0993825481453449,0.1048758433336682,0.1086890930895673,0.099006020758953,0.1415181332893438,0.1258544496889807,0.0599667081015919
0.1088946169880814,0.1090796328185765,0.0907053832050597,0.1035533568186541,0.1755845891449572,0.1011676655519871,0.1392057113651945,0.1163642125301346,0.0554448315773546
0.1057638633796377,0.1031415840115972,0.1047595925929519,0.1145474319455074,0.1180541595188529,0.1359994860053577,0.1265043204698803,0.1147729124853819,0.0764566495908328
0.0991518419565041,0.1084790733461049,0.108824353055079,0.139589007525282,0.1454528948092621,0.1203052312708616,0.1113993165748028,0.1006416209370673,0.0661566605250358
0.0987382153097629,0.1059156278296842,0.1559322971789047,0.1108989752039932,0.1149024223444442,0.1027704323241608,0.1198471373359728,0.1165794353800628,0.0744154570930142
0.1093450757483491,0.1105416094246203,0.1076508241790136,0.1144622533771378,0.1262226114804621,0.1165352696636991,0.1306406451757288,0.1227143270526603,0.0618873838983284
0.1130158870375299,0.1091404820635932,0.0935016137697037,0.1055399288672887,0.1157448485920386,0.1134917484135058,0.1081833819784584,0.1589987059276948,0.0823834033501865
0.1255866880625938,0.1218366501734145,0.1098113539731698,0.1476602999861979,0.100119406975619,0.1014506699412586,0.1239741372421373,0.1068322594809157,0.062728534164693
0.1227044748940006,0.1163687530869601,0.099959880815716,0.1017586116401658,0.1262424808206332,0.1165536140703606,0.1306612099809465,0.123853848786535,0.0618971259046817
0.160292037612292,0.1097478882013259,0.1017444622273032,0.0959689988725891,0.1144843722874172,0.0978774708291267,0.1151609229213837,0.1202078533191498,0.084515993729412
0.1236640429445294,0.1174925301952428,0.1153399555711549,0.106939531996662,0.1006472547649975,0.1077495501562508,0.1111970942127013,0.1322916459692518,0.0846783941892089
0.1143670658995744,0.1041968384264536,0.1302874879753942,0.1004155663342841,0.1280711131534092,0.1084189105920302,0.1109321178050894,0.1329933444564481,0.0703175553573164
0.1211947493348316,0.1149369806843987,0.0998085638618618,0.1203447841657285,0.1246892245101974,0.1027556581477413,0.120336114428923,0.1223299816148119,0.0736039432515055
0.1256333656482,0.1154279936017112,0.0981381303082173,0.1065738295930547,0.1168787197652271,0.1041749370513316,0.1293732448871697,0.1230341423356614,0.0807656368094265
0.1210858444470302,0.1169381469173738,0.1231214733727802,0.1043374074405304,0.1167266144500611,0.1055378657628871,0.139164864731568,0.108685397505254,0.0644023853725146
0.1017318134400275,0.1152739614402496,0.0990627227412226,0.1891478505779725,0.0932613621099866,0.0969140841368547,0.118354686598674,0.1262973699374604,0.0599561490175516
0.1206285015116657,0.1114288477765332,0.1125087428300516,0.1043145217474619,0.1090572218521117,0.1034353167045363,0.1252986099589839,0.1307284166986788,0.0825998209199765
0.1066434453728339,0.2055600814209972,0.0884398028292795,0.1203215355649032,0.0926227011684251,0.0954284753259699,0.1127352691004992,0.1003347747590818,0.0779139144580098
0.1137945359135501,0.1104015999561203,0.1094009662204313,0.1212353498670691,0.1249468197535811,0.1129931112700585,0.1267591379746654,0.118632311600513,0.0618361674440109
0.1182171204908833,0.0911440578134923,0.0950696708351429,0.0911605030759232,0.0885050461785353,0.1002273021897165,0.1045915567214548,0.1431480014385618,0.1679367412562895
0.1600472219434797,0.1085754755753512,0.1012588728588579,0.104635304051079,0.0965479980459459,0.11290080865191,0.1066700911966226,0.1281332198478209,0.0812310078289324
0.1204975492729486,0.1167140550804524,0.0958294682878338,0.1039562355379563,0.1179505520228259,0.1294379732044243,0.1361653558317581,0.1082656454207259,0.0711831653410744
0.1126400480460514,0.109089065275663,0.1533140209900844,0.1093863197532916,0.0936095291755803,0.1197044035481263,0.114701018900368,0.1109105059260308,0.0766450883848037
0.1154629058310294,0.1049962232613002,0.1016889016912886,0.1097268894582341,0.1643149781599745,0.1090077501375431,0.1205151575184208,0.1154903536111334,0.0587968403310754
0.1155050328133003,0.1116601925102244,0.0918590124517351,0.1439630717837118,0.1130635640637208,0.124075032500437,0.1278565320348821,0.103783694032353,0.0682338678096351
0.1398645925383172,0.1209340540564659,0.0971686197466762,0.1187648818553226,0.1007459839067043,0.1220858499132473,0.1148912892996393,0.1084328227290515,0.0771119059545753
0.1048057131952956,0.1115938410264627,0.0993900955200715,0.1168443492476151,0.1210624240766455,0.1082800293214996,0.1367892812038654,0.1228293429906046,0.0784049234179396
0.1194226660791429,0.1085970322664068,0.103986075302686,0.1134899350173136,0.122866045798809,0.1064122490274597,0.1316606352198656,0.113992339477504,0.0795730218108119
0.1237064547256106,0.1136576083183419,0.0950439165121036,0.1227244132710095,0.1123808902949616,0.1249128460483114,0.1325658451484957,0.1124123604992273,0.0625956651819378
0.0931911279113817,0.1139517044466962,0.0990905091539703,0.1093425727157841,0.1015129392885501,0.1146481410245648,0.1900416158304114,0.1222021255789796,0.0560192640496616
0.1060767446171074,0.0994120396659583,0.0975669442659276,0.1006320143604726,0.1194730959918793,0.1589142107795934,0.1048884001279965,0.1398057660709258,0.0732307841201387
0.1259898048301171,0.1193935079914553,0.1038358045286243,0.1074058542055938,0.1010927745909681,0.1311251373308468,0.111681982014545,0.1144274903781382,0.0850476441297111
0.1730007599485622,0.1129098324726749,0.1063416651768496,0.1050383025097484,0.0967303019211294,0.10354686920889,0.1068599446972562,0.1141967397101157,0.0813755843547731
0.1420220633583621,0.096321255724048,0.1017889676589424,0.1200690607078737,0.1202700258259873,0.1075712965625946,0.1160711973870838,0.117994398520802,0.0778917342543059
0.1190832018911491,0.1129344608633608,0.1004858890505758,0.1132421935777751,0.1423109848108433,0.1114118897776864,0.1235738309305232,0.1163250931037778,0.0606324559943081
0.1398719296778937,0.1175203659406449,0.1044371782990646,0.1027656390597204,0.0981140123027292,0.1189775211319539,0.1325372439249617,0.1226815647220294,0.0630945449410019
0.1237773253073485,0.1201263470090761,0.1060597868628915,0.1025277871444141,0.1159916128387218,0.1036996777903848,0.1228415876773919,0.1320670833693221,0.0729087920004487
0.1192022417932844,0.1122608307296615,0.1000881332331508,0.1025118923060195,0.1222284347500356,0.1100632111733754,0.1391126045575549,0.1305419360636716,0.0639907153932461
0.1140716567577319,0.1180565216854098,0.1060597627256976,0.1032344802457164,0.1280734542500747,0.1195203247638367,0.1307336373745554,0.1168677649976651,0.063382397199312
0.1215125801723672,0.1139344013526303,0.0989889165992742,0.1007701753814277,0.1250162195398934,0.1186685790928048,0.1293920272014834,0.1298477013405535,0.061869399319565
0.1217144528843818,0.1077260062603102,0.0919831209921321,0.1113073988524389,0.113232892843824,0.1229014181088941,0.1114146740058967,0.1414737418021924,0.0782462942499295
0.109551685264718,0.1120538930227665,0.103666796847629,0.1711456510620157,0.1073829432166013,0.1193575617618262,0.110459185561046,0.1009420453317039,0.0654402379316931
0.1132282411119093,0.1176956903162592,0.1268282770248575,0.1239045654759723,0.0982966339446036,0.1069311094401851,0.1295707396814652,0.1203400055711764,0.0632047374335709
0.1244041286620817,0.1179806469469192,0.1093768424484235,0.1031681316096561,0.1130960279234965,0.107523376409683,0.1324710772908225,0.1292252683411754,0.0627545003677416
0.2000927684733126,0.097269224210871,0.0987062317923029,0.1090166761145197,0.0908180257587481,0.0976546390871472,0.1215458788993166,0.1085104701362677,0.0763860855275137
0.1168616991275018,0.1104211285442313,0.1178696556529068,0.1060481130655107,0.0992488890471637,0.121765398411074,0.1323605055428457,0.1209075995078851,0.0745170111008804
0.113395937312419,0.1137418365306639,0.1070011785936725,0.105017012994674,0.126311618781286,0.1026531631622253,0.1179132028768195,0.134380226824115,0.0795858229241245
0.1173466959498126,0.1073066191196309,0.1074970443731245,0.1202781410780962,0.1017144814909876,0.1265863684641108,0.1236333202201541,0.1176956549946245,0.0779416743094581
0.121785741235763,0.1094697348409437,0.1060436990289839,0.1197924850358967,0.125297256807169,0.1076042615151909,0.1209229192980066,0.1270743035345039,0.0620095987035418
0.1089430555937921,0.1104539862876684,0.1249989382647999,0.1248865738253893,0.1050731535553048,0.118791578039626,0.1190870498603822,0.1087539909260285,0.0790116736470084
0.14274674496219,0.0955879752896719,0.101970505572894,0.1608032690624506,0.0928570629577172,0.0956665013822737,0.1096158969057236,0.1415872063738599,0.0591648374932188
0.1109382576557134,0.1053898465021255,0.087545873490361,0.115731791189622,0.196049754632772,0.1074343045186835,0.1118539964378772,0.1060073011202759,0.059048874452569
0.1197083463821416,0.113527326649053,0.1010825575962079,0.1138366748508582,0.1088270833991767,0.1072908016814747,0.131616328387828,0.1243475063912865,0.0797633746619731
0.1122088998519994,0.1274078212021144,0.1061720565455292,0.1029416167023201,0.1164619970193558,0.1161423421621367,0.1233171445388154,0.1310891609114913,0.0642589610662371
0.1201170534723332,0.1110507258126069,0.1090161711564638,0.1301501038657473,0.1014027971588949,0.1113125558774476,0.1187840115240823,0.1181308791202934,0.0800357020121304
0.1150762642645176,0.1091344174198667,0.0909260665653196,0.1495809772892424,0.1202298605474447,0.1069106750920391,0.1271227043386753,0.122969888158162,0.0580491463247322
0.1218514786751321,0.1194812044017487,0.093618734703566,0.1039335382308332,0.1133603701179946,0.1230397801817754,0.1333019450593757,0.1107267391873375,0.0806862094422365
0.0908986729876946,0.0893077775322921,0.1044403437169774,0.1066528003650376,0.0990157719861941,0.1543993243426032,0.1597931948000894,0.1408508959687627,0.0546412183003485
0.1182640295312709,0.1190585209981062,0.1082485485444077,0.1085657160011215,0.1183853381616556,0.105848596308747,0.125376676309547,0.1237779695565314,0.0724746045886122
0.1549046595940525,0.1119158750212014,0.0951520890529106,0.103331115971943,0.1133224600526128,0.1111165143186799,0.1189083498299613,0.1106897098629119,0.0806592262957261
0.1089430555937921,0.1104539862876684,0.1249989382647999,0.1248865738253893,0.1050731535553048,0.118791578039626,0.1190870498603822,0.1087539909260285,0.0790116736470084
0.121657890759102,0.1186600080880193,0.0991072923059778,0.1008906812030411,0.1251657199470688,0.1130252820984174,0.1295467604098868,0.1300029794660051,0.0619433857224815
0.1203032082457882,0.1210608414975248,0.1086055529749278,0.1058533675123495,0.1010993477545663,0.11388093269769,0.1194154360648162,0.125666282424467,0.08411503082787
0.1182019243315239,0.1231123302692535,0.1076584418261322,0.1070426578839188,0.1173928802362841,0.1151076993177698,0.1156975691923883,0.1146655645076269,0.0811209324351022
0.1138391434386263,0.1376124868463701,0.104318566157576,0.1001752171619503,0.1133322578007019,0.1130211931820901,0.1234396657426855,0.1317235977492342,0.0625378719207651
0.1199137772819069,0.1201175150579812,0.099883955890235,0.1140320294042178,0.1116379841508239,0.1130439733162896,0.1266629942481053,0.1171364313792461,0.0775713392711937
0.1020025406925214,0.1229080018778507,0.1043325283389906,0.1207927004717344,0.1488840759734886,0.1229466867726296,0.1058731543833691,0.1106429619762654,0.0616173495131499
0.1269882504225179,0.1036932656650717,0.1073266049138982,0.1160991220419704,0.1147524242363634,0.1125497249395845,0.1078496847549853,0.1286116355336568,0.0821292874919515
0.1209739000366426,0.1219436428340219,0.1151145730826349,0.1078429040897627,0.1047956292401977,0.1151059637199064,0.1296455248836255,0.1213336454582096,0.0632442166549983
0.1000601802922615,0.1006174763021072,0.1069702483151523,0.1010339039387158,0.0939635049580525,0.1218424411651309,0.1095094834335588,0.1869758657073044,0.0790268958877162
0.1081850922055198,0.1135155125747936,0.1016850652454388,0.1152591150237782,0.1643087790024899,0.1069955172622347,0.1205106108091123,0.1107456857905208,0.0587946220861115
0.1172107561546404,0.1151464691145063,0.1209010197757537,0.1104784473525736,0.1020887802796237,0.111282281411683,0.116099340005992,0.1211938419638888,0.0855990639413379
0.1232549895926722,0.1168908425143897,0.1088405823872825,0.1172093558891571,0.112051343428861,0.1170765328782074,0.1176565550115501,0.1248702874166117,0.0621495108812679
0.124871346483352,0.1197515027142328,0.1114735632047062,0.110107302102737,0.126651247920561,0.109377784191049,0.1120168541601344,0.1205656595010827,0.0651847397221444
0.1086716328520286,0.1177508204507848,0.1068617586797398,0.1077595785056444,0.1126623671825722,0.1161886566283249,0.1201567434252475,0.1293150264202985,0.080633415855359
0.1166345392128851,0.1158502413116193,0.1174024663850603,0.1248480934020511,0.1154152362717432,0.1095311949766908,0.1257084122690867,0.1074643592762118,0.0671454568946516
0.1098824428236768,0.1151298153542514,0.1086823325560819,0.1170674522553276,0.1097812103462599,0.1191550095949177,0.1080184163410114,0.1341446403271952,0.0781386804012778
0.0855176742915794,0.1252516830813227,0.2207129671381344,0.1403045827126584,0.0849820303256748,0.1012075431965087,0.0817529166268312,0.1118901658388232,0.0483804367884666
0.1151027102225286,0.1078293313579323,0.1092048619397137,0.1218886022350601,0.1015140072230812,0.1230645838665643,0.1309270714144663,0.1252068911358974,0.0652619406047557
0.1011018469497421,0.1209258083189685,0.1033321853738981,0.1879765669495344,0.0942120896137675,0.0954453634549241,0.1166593259036184,0.1213092137174508,0.0590375997180959
0.1117601237388404,0.113755067792037,0.0862797344347604,0.0971436132635936,0.1215360802528904,0.0999938777938489,0.144274365633039,0.1671826769589996,0.0580744601319902
0.1155853082332006,0.1131122253720042,0.1091570560729139,0.1221355235073797,0.1032851965771343,0.1097390480178548,0.1255425146472762,0.1195131576566261,0.0819299699156098
0.1123275796247283,0.1132729569574726,0.102261198958466,0.1208865288078235,0.112592275155821,0.139015297315746,0.105956752209376,0.1320291599300726,0.0616582510404936
0.115984364569107,0.1052807884747259,0.1083338589520193,0.1137350868350933,0.1147718585841735,0.1296226896869481,0.1274621505337832,0.1214864682575845,0.0633227341065646
0.1141441060174441,0.1165824251257334,0.1138067475980949,0.1086561922813644,0.1118844500234122,0.1257366257375742,0.132271635292078,0.1051735488698173,0.0717442690544812
0.1222744643641084,0.1111903157739483,0.1090924682225469,0.1218920606368563,0.1057088571867326,0.108036074720722,0.1229043851062786,0.1198029236323196,0.0790984503564869
0.0906428280856983,0.1337950175948622,0.0936801086903182,0.0924061341837624,0.0852295626615308,0.1660363208649919,0.1246789360067784,0.141844480888847,0.0716866110232104
0.1002958403469057,0.0925468798855609,0.0957127974887271,0.1132435049682699,0.1344201015929588,0.0960280641319369,0.1054307018131002,0.1146030670512489,0.1477190427212912
0.1176496583640777,0.1044225944078216,0.1180869736946151,0.1256247864242185,0.1039749558431585,0.1133691933598905,0.1260592899597132,0.1275337947961887,0.0632787531503158
0.1223566826454673,0.1089724414241748,0.1065408404709911,0.1221453326064548,0.1057799366276241,0.1134157054675779,0.1193775819264025,0.1198834800308616,0.0815279988004454
0.1597836933337429,0.1350311022019076,0.0937906406758102,0.0909793084867043,0.0883364869260182,0.1500388960783722,0.1061016942935769,0.1063515979412655,0.0695865800626018
0.1188027229624027,0.1204145682039353,0.1078651097685955,0.1051200124506498,0.1340712152579718,0.1136121706590285,0.117896338633984,0.1198499189459843,0.0623679431174479
0.1031953761032121,0.1007529909294676,0.0912281346817674,0.2179408432462159,0.0895836831901494,0.0974737730561737,0.1136820128151496,0.1107554121055964,0.0753877738722674
0.1166063285626474,0.1070732740154384,0.1189765083596036,0.1193219472141686,0.1001808838075623,0.1144759160110482,0.1236192777278744,0.1282914976875243,0.0714543666141324
0.1046702567237068,0.1601753155372745,0.0999148647056513,0.0984866051332132,0.1186364536648495,0.1135156547457351,0.1004018217988566,0.127741408867188,0.0764576188235248
0.1031089468277607,0.1473073133712795,0.1047580090795094,0.1203242607112603,0.0968628615992105,0.1034224811154822,0.116403016456751,0.1263053129466518,0.0815077978920944
0.1144854744881083,0.1160231601779404,0.1016154445102597,0.1221289345289382,0.0968879808852846,0.1132983760615506,0.1207920145564154,0.1524696413009717,0.0622989734905306
0.1314084680767148,0.1112006091010028,0.1015577194467154,0.1069684886486113,0.104037276097203,0.1334737060488206,0.1249600436662899,0.1201165039160577,0.0662771849985842
0.1084608214566545,0.1507150632084609,0.1037617868581151,0.1160987719338256,0.0981801537930487,0.132719462420651,0.1168987998814906,0.1139488878513302,0.059216252596423
0.1260798161743027,0.1119068419213704,0.1106620538458258,0.1254344515804469,0.0995004508953917,0.1147863118741995,0.1099429955984331,0.1179637003946145,0.083723377715415
0.1093373614095908,0.1981274689919247,0.0988580462955611,0.0906732872378967,0.1124899459669484,0.1015789936855456,0.1164273100083953,0.1168373268803755,0.0556702595237616
0.2031006678439296,0.1080686409358477,0.0873363964015103,0.0984177599249839,0.0915037923105651,0.1060488156011035,0.122901855271308,0.1056414764462983,0.0769805952644534
0.1163995044805429,0.1201280744457614,0.1012111483517225,0.1081246444898217,0.1003389151641125,0.1237376985459223,0.1263816966678518,0.1192773115744377,0.0844010062798267
0.1053995605484051,0.0900276620479017,0.1578176951776423,0.1101137799111104,0.0847699221193401,0.1545442454402962,0.1388330010949275,0.1044975331190334,0.0539966005413429
0.1001192920542338,0.105077104191716,0.101952255215352,0.1048047175112446,0.1045811672494422,0.1078545181963346,0.1807219715216064,0.1200393418328538,0.0748496322272163
0.1134855222286103,0.1155587864735642,0.1055961009143155,0.121062221877588,0.1247683916654062,0.1123825655613936,0.126578121837623,0.11882042603883,0.0617478634026687
0.0921218785657484,0.1064543443818144,0.078175249761194,0.0842481777867512,0.0967605833433034,0.0843922756095242,0.1354874361118886,0.2534890311247991,0.0688710233149764
0.1026436684189416,0.1083996604191334,0.1038178315824105,0.0988868068911529,0.1175972216630983,0.0964097117427483,0.1161198311020947,0.1187311272505324,0.1373941409298874
0.1097868284023307,0.1100945381582826,0.1062448876374032,0.0982518281192154,0.1036281971446368,0.1749326626625864,0.1242934470152178,0.1121342669876157,0.060633343872711
0.108518307710748,0.1031455932693889,0.1043284514572923,0.0994024705494506,0.1648148582754523,0.1268010429571083,0.1208817895292804,0.1131317737828998,0.0589757124683788
0.0972086676651608,0.1000780718006175,0.1066266465323025,0.1866556183725612,0.0908740717628585,0.1053234455653307,0.1065526057221604,0.098609164592629,0.108071707986379
0.1171814525504544,0.110544078874877,0.1375104287982508,0.1029152531085778,0.1016282090962496,0.1241419421145444,0.1431195781146579,0.1023137551119143,0.0606453022304734
0.1144231000551465,0.1184202419507386,0.1097843797413449,0.1035525352926549,0.1284680356768046,0.1058697542532072,0.1206087475395769,0.1297067607197988,0.0691664447707272
0.1184520059566339,0.1108000440367586,0.1031408828454547,0.1125674957698557,0.1218673980966362,0.1046587268478494,0.1446054840947499,0.1235958003496061,0.0603121620024551
0.1346134319234609,0.1021774521929195,0.1025820978571164,0.1144019567326562,0.110417025191301,0.1073140317451082,0.1335392164639716,0.114026086376313,0.0809287015171528
0.1152743466784714,0.1565031481934571,0.0931871318617681,0.0995600176960444,0.1109934838598303,0.0983587154405478,0.1170318733628313,0.1035879574979006,0.1055033254091487
0.1227842468348954,0.1197934011751068,0.0927915951219893,0.115728641970349,0.1142281391838666,0.1239816447416944,0.1201839527971896,0.1115743479145464,0.0789340302603619
0.1264032205891013,0.1150395564140741,0.0999491015908813,0.1017476384482734,0.1213778892800844,0.1198196553196667,0.122086196345895,0.1311072142062877,0.0624695278057357
0.117737055299309,0.1206882904828726,0.1062846180876478,0.1149575761616278,0.1243726670456136,0.1148273048937633,0.1186657762811204,0.1209158007526211,0.0615509109954241
0.1222442037517157,0.1315500670564879,0.1047461169720486,0.1145239343008634,0.0983175980777891,0.1270310692102765,0.1311185153835873,0.1078503957497827,0.0626180994974483
0.121679300954441,0.1106144809714571,0.105951017233541,0.105645241384463,0.1251877474744006,0.1127602916911352,0.1209554699368369,0.1184930068231389,0.0787134435305858
0.1007677976502872,0.1003905108070173,0.1015417741226079,0.0967473692053539,0.1165413790880719,0.163803322927404,0.1228666791910107,0.139947211871177,0.0573939551370698
0.1170557821293543,0.1722634709571252,0.1003003682046062,0.0969601684668883,0.1096928611728189,0.0999203635035897,0.1116854600240687,0.1293484608368172,0.0627730647047313
0.1141051586359676,0.1112760675483619,0.1053061796706401,0.1075638107422802,0.1131657050581955,0.1257851780385544,0.1271139370651268,0.1131973950354212,0.0824865682054517
0.1208564921393716,0.1054721098066276,0.10749063949066,0.1225537589902028,0.1084232461986271,0.1070747747130486,0.1217706860523422,0.1257600240524245,0.0805982685566954
0.1151303111543206,0.1099472115671398,0.1162395654655666,0.1128568074970743,0.1351390501493571,0.1081185782862668,0.121314310032029,0.1149746795395602,0.0662794863086855
0.1189058750064973,0.1127662900735542,0.1119957097432967,0.0986084392355918,0.1223343538036058,0.1052911415100104,0.1266162910163901,0.1170561866334984,0.086425712977555
0.112651308424099,0.1158024066141551,0.1174401323117393,0.103345709430995,0.1155929286171319,0.1030807185323508,0.1244184640202595,0.1237897976216262,0.0838785344276427
0.1498719848870316,0.1125653467351415,0.1316898701434325,0.1030119761910472,0.0962401716359391,0.0991723268308093,0.1164161160530962,0.1297478876278572,0.0612843198956448
0.1155555431260231,0.1399991377968781,0.117484584564322,0.1151686365541243,0.0959599776957257,0.112515349216445,0.1152460866348416,0.1201280078580344,0.0679426765536055
0.1231108689346765,0.1263631921619775,0.0945863267580776,0.1160364952415916,0.1145320009221278,0.0998055990611873,0.1205036577759187,0.1173365409645309,0.0877253181799116
0.1336353190931206,0.1202481127161005,0.1091721078404206,0.1182966751906524,0.1004347021003929,0.1177979157534005,0.110943586820376,0.1255291072726318,0.0639424732129044
0.1283413033626173,0.1068424736570304,0.1140711087599128,0.1118261555221877,0.1066097566369331,0.1110731730562288,0.124585307355092,0.1299436488764496,0.0667070727735478
0.1081196509050879,0.0996089668057304,0.1077676155154302,0.1058797371618309,0.1163542813677752,0.1246875900324211,0.143748639481634,0.1329030579921702,0.0609304607379197
0.1237277869457591,0.1010309082866377,0.1077370835623034,0.1142037703333206,0.1091780241723304,0.1103928222113036,0.1320407589119343,0.1216682535058763,0.0800205920705344
0.1339856972796954,0.1033641909096063,0.0928645658670022,0.1319632202851807,0.1013011445032777,0.1018776064443224,0.1265202254986296,0.1167883387289684,0.0913350104833172
0.120556391023038,0.1143315833602157,0.1117280463732094,0.1042981607284244,0.1095980423811548,0.1013522427169093,0.1283738342518788,0.1221363228109929,0.0876253763541763
0.179198711664063,0.1219674965804823,0.0978261572911657,0.1045799085900146,0.1067679494994136,0.1047735478306374,0.1103511922175537,0.114723199121434,0.0598118372052353
0.1131708513564986,0.1191354366138846,0.1051358942404092,0.125157454039433,0.1119877579705964,0.0998657850141638,0.1257448457402974,0.1185394866979089,0.0812624883268077
0.1089491518462853,0.1107532737606017,0.107759234763842,0.1009521949152438,0.1062901986267065,0.1181429616961975,0.1093351366775789,0.1462018709412616,0.0916159767722822
0.1051673052233092,0.1270963158570959,0.1231543672351909,0.1280305911294408,0.1029915555795547,0.1035776369346245,0.1286314671001401,0.1187371844437475,0.0626135764968963
0.1005726126376423,0.1113406522447666,0.1407374768066244,0.0968522873088647,0.1031537642410792,0.1146567733903014,0.1543149258585417,0.1031826505581649,0.0751888569540145
0.1106019445793306,0.1068566722676891,0.0902195393883198,0.1183664678911186,0.1690571846601324,0.1205163948956517,0.1198213522023586,0.1056859364052337,0.0588745077101653
0.1224352447947137,0.1215114414374124,0.1123317703423894,0.1053558969908037,0.1005553865842402,0.1057455282833995,0.133032964704189,0.1165618726971962,0.0824698941656553
0.1067604321717302,0.1181909850026568,0.1074601712142753,0.1028112105148288,0.1095003914256129,0.1217111334540714,0.1167284348193073,0.1370223230774517,0.0798149183200653
0.1083528271296733,0.1144289740149446,0.1028008420010051,0.1147407790965119,0.1241381141775345,0.1158477985070862,0.1375680650306573,0.1206877671457498,0.061434832896837
0.1222837765132736,0.1159697770428248,0.100705419866626,0.1190743912010576,0.1069795170661221,0.1194217255888064,0.1171584085021129,0.1306717976769731,0.067735186542203
0.1184079120373888,0.1123994310550488,0.1058609547243553,0.1037775797520185,0.1026343288136925,0.1174767767360193,0.1368305157255735,0.1216047697392243,0.0810077314166786
0.1129007196032571,0.1061557092570242,0.0953776722160744,0.1023047110624424,0.0993173591633487,0.1668443348181627,0.1192909119062019,0.1195718804074115,0.0782367015660769
0.1071360689615714,0.118248865873744,0.1016966132638479,0.1028615595530569,0.0949579434074918,0.1217707382236328,0.1638895102756248,0.1095846949012582,0.0798540055397717
0.1233550109295961,0.1135502782204876,0.0986043841400478,0.1188928371272057,0.1184508653258719,0.1149582076126333,0.1388184428845097,0.1124068966376422,0.0609630771220053
0.120103236435883,0.1247298720438958,0.0989096607701134,0.1165472840178472,0.1235662394167032,0.1115809430395125,0.1150692629717209,0.1283416840679254,0.0611518172363982
0.1392174013000013,0.1040592137297112,0.1044896263307449,0.114585501253577,0.1283867715206297,0.1294472395479673,0.1086674101998341,0.1079083750731077,0.0632384610444267
0.1006032599794627,0.1307397179901327,0.0989736698777088,0.1159888539678498,0.1451425556748712,0.1036880531962776,0.1138407226776729,0.1305224473206193,0.0605007193154047
0.1126020882194284,0.1165356167126795,0.1046934102511944,0.122018636277011,0.1215650446412596,0.1179805618292649,0.1266766164564841,0.1153621746041884,0.0625658510084893
0.1193536342609749,0.1096583734801358,0.0901989822975796,0.141382133937843,0.1110365857013857,0.1218506429876257,0.1255643486417259,0.1019230831104452,0.0790322155822839
0.1261184654497807,0.1230464030742474,0.0985170645769475,0.1066867779200579,0.1190465857677238,0.1045771808424817,0.1260197955139728,0.1321715803645766,0.0638161464902113
0.1074499648036916,0.1208446284472747,0.099980130538535,0.1546218970817476,0.1181327717385372,0.1097506135535296,0.110947890905529,0.1198082071052671,0.0584638958258875
0.1206673735487499,0.0990725305990376,0.1022497819655204,0.1165698605633169,0.1256346668681582,0.130410629326439,0.1221624094759114,0.1213465586437142,0.0618861890091519
0.1227807339210161,0.117873238394951,0.1071165077018554,0.1160692686971444,0.0985359051331973,0.1181713895036049,0.1327096120525802,0.1233999030311951,0.0633434415644552
0.1107290104787845,0.1191899527989602,0.1092307257691699,0.1159109540770859,0.1086891072681196,0.1192839444877113,0.1185948554182228,0.1327600032616729,0.0656114464402724
0.1130495722888621,0.1122893811578,0.1202616414417445,0.1000152153740622,0.1023339510478868,0.1166199186206469,0.1456041832056376,0.1187698273107081,0.0710563095526512
0.1081280052499884,0.1141915447045153,0.1050362436773278,0.1145027028199962,0.1238805393185368,0.1015609630680935,0.1377789454559981,0.1250750304274345,0.0698460252781089
0.1132233220699804,0.1108007766653858,0.1069264312642497,0.1428550301246287,0.1011745632370521,0.1060742818209752,0.1216189582362107,0.1170709058772029,0.0802557307043141
0.1126793595152463,0.1273203638585572,0.0992374150807485,0.1108351466404737,0.1603537202235553,0.0995582828138363,0.1150638527907769,0.1175724759550846,0.0573793831217206
0.1163192536971712,0.1149727700076551,0.1131713854503166,0.102745652543047,0.1103396599110147,0.1007139862713289,0.1276842731539644,0.1189466418011157,0.095106377164386
0.1455181167391717,0.1160741102168797,0.0924058093045326,0.1198084855802529,0.1008007107329513,0.1139613220914754,0.1313006336117875,0.1043318793569716,0.0757989323659768
0.1237288447993959,0.1220491724701965,0.1091646122131653,0.1249778651041091,0.099305878588067,0.1107711027467956,0.1096966499875327,0.1167700925611249,0.0835357815296127
0.1082705774579464,0.1033531387442353,0.106467382671808,0.1185941756509613,0.1096081351097645,0.1252968066777792,0.1293819909320245,0.1186919565492291,0.0803358362062513
0.146558859655654,0.1035891723902113,0.0930666939670786,0.1212849355825405,0.1015216355773796,0.1020993522398115,0.1531158450017867,0.1170425390775942,0.0617209665079432
0.1124972181870607,0.1099882175270854,0.1188643068706438,0.1281192509092345,0.119899223163377,0.1069347852575355,0.1219771519578349,0.1161804429661104,0.0655394031611172
0.113925934018708,0.1117098286959678,0.0929736124647535,0.0971734241353385,0.1059871097734544,0.1903062379173641,0.1061956046485896,0.1062900848283884,0.0754381635174352
0.1303498804459064,0.115052817579782,0.1114287189841091,0.1202365895106271,0.1001997375517522,0.1107352710371352,0.1107046791113849,0.1169888936914628,0.08430341208784
0.1641025582563024,0.1386809182662807,0.0964008734674896,0.1238076406851871,0.0907241733463718,0.1014467617088651,0.1042031165536152,0.1091664908528695,0.0714674668630184
0.116427275034249,0.1259367526207349,0.1038333954897837,0.109549048812422,0.1011315832918982,0.1296875976171117,0.1116793909407464,0.116709285208145,0.0850456709849087
0.117661838850701,0.1076661957268797,0.1024528528518454,0.111816582928522,0.1210544476659205,0.1124649807940156,0.1297193652832569,0.1187639783271905,0.078399757571668
0.1145037970147294,0.1124935587333683,0.1094197642900038,0.1731302922572977,0.0932545459858621,0.1196400975262348,0.1104990262805216,0.1076672752142742,0.0593916426977076
0.1077289455125516,0.1224060741451659,0.1081077582694362,0.1202994111386858,0.0954270975791092,0.1224446010598195,0.105442144982251,0.1378480604803458,0.0802959068326347
0.1260377444489901,0.122135343135204,0.1007488392740407,0.1163359175468998,0.1210269431391381,0.1136557380624494,0.1070424307825774,0.1307281371672255,0.0622889064434744
0.1151341920476181,0.1147881627619666,0.1224532568437188,0.1181092349004153,0.0999547751192743,0.1114320031598883,0.1104500262719512,0.1235688590826495,0.0841094898125176
0.1258837821231084,0.1081442960209478,0.1095170657848274,0.1212170786882927,0.1136725653174279,0.1233786325397211,0.1062464783858419,0.1110316813499928,0.0809084197898396
0.1183038761745905,0.1334824542382305,0.1030119003400739,0.1163676073449192,0.1217149972067361,0.1045278462074439,0.1189133416575846,0.1234412380117258,0.0602367388186952
0.1059374359721027,0.1117779922202252,0.1199477823701293,0.0997541954655663,0.1241307470681847,0.0995030218866429,0.1135094726357628,0.1545684857270787,0.0708708666543069
0.1100348163354277,0.1056009093226379,0.1067411164324756,0.1170545322084553,0.1234463169558629,0.1138003777560741,0.1275284085978505,0.1317917712358585,0.0640017511553571
0.1133764378180536,0.1118660278530664,0.1089990107552147,0.1029968603621446,0.0957271859284571,0.15810441749818,0.126293405997743,0.1210276816441479,0.0616089721429924
0.1102810881135678,0.1173464172261021,0.1087888642838256,0.1026135296728024,0.1273030984096387,0.1108933906441412,0.1257037715436032,0.1285305907988543,0.0685392493074642
0.1067021322876302,0.1158019306742934,0.1019339856040926,0.119509167338324,0.1266991092425348,0.1105743347857977,0.1390735277985033,0.1207672636544527,0.0589385486143707
0.1212354314733552,0.1154443535619705,0.1130748190568127,0.1048393695893437,0.1096059321042593,0.1039557409162118,0.1217545884589657,0.1270743513724151,0.0830154134666655
0.1004356658368641,0.1213780564350772,0.1176134621660212,0.1167675878472208,0.0983578065278251,0.1354452108996239,0.1368038432826755,0.1133950152462324,0.0598033517584595
0.1184755494480275,0.0996690495607649,0.0997551435557591,0.1215769658029444,0.110299014936749,0.1231228058189735,0.1245391601345915,0.1236203662203005,0.0789419445218894
0.1134037538522542,0.1150863487715643,0.0930169140867502,0.1069026156454855,0.1124700750987005,0.1250119761373332,0.1396272231297459,0.1125015702775324,0.0819795230006334
0.1208093179885136,0.1002175416610103,0.0995782030594655,0.1254441686986606,0.0963344890685179,0.1265477246369645,0.1258485346160437,0.1328911684294183,0.0723288518414054
0.1057319294274475,0.1449184445962165,0.093031191592586,0.1289863321555268,0.1211353932811321,0.1017639683567384,0.1221805122610892,0.1223034149174852,0.0599488134117778
0.1094517044950214,0.1257950268501161,0.1022816896299313,0.1004344001671667,0.099105904014777,0.1213231420311556,0.1552874073966707,0.1236407345494136,0.0626799908657472
0.1325459806917648,0.0957119184438215,0.0907664033244266,0.09824479767178,0.1045230800411627,0.1561694442913299,0.1749740129435889,0.0923440155924581,0.0547203469996672
0.1110209237553609,0.1067216261873334,0.1035478713821103,0.1840875405419073,0.092692354131573,0.0974766473326985,0.1176172949125399,0.1108146662590215,0.0760210754974547
0.1096411635041777,0.1221243810801245,0.1090255972290889,0.108720972124954,0.1256141407122728,0.1049269564956785,0.1193280818204325,0.1192659077821941,0.0813527992510765
0.1217118042166376,0.1085411152481294,0.1065525390385179,0.0987921193606288,0.1073218708863533,0.1224161639142994,0.1101214881059664,0.1463159061819582,0.0782269930475086
0.1192957896298385,0.1131360718485692,0.0982446970934817,0.1184591422786742,0.1227355110507345,0.1097764631488702,0.1184506083850545,0.1204132343376071,0.0794884822271697
0.1115010150939812,0.1207586447345094,0.100302062785567,0.1433524857000606,0.1242093778305563,0.0984750041868223,0.1134378412605908,0.1179321381973636,0.0700314302105484
0.114375859963595,0.1136067503368044,0.113968351007642,0.1224303550564146,0.1129338169639139,0.1246135441611814,0.1166445043487264,0.1121430108470614,0.0692838073146605
0.1321299804998721,0.1051835107908603,0.1026131810126927,0.101357159385961,0.1349644325356917,0.1239636703288884,0.124505010046506,0.116303987239112,0.0589790681604153
0.1223800691353944,0.1112130525207092,0.1120235463499679,0.1071771641182184,0.1113101843837534,0.1156434590380545,0.1493676553812507,0.107303591363045,0.063581277709606
0.0946642164643289,0.0890659865577202,0.0800187579703703,0.0858168873503699,0.2528435229073002,0.141525268295628,0.1000811865722844,0.0903461315440248,0.0656380423379729
0.1252766486569785,0.1204076799894823,0.1093169774369902,0.1184536529384435,0.100567977302848,0.1219006354833305,0.111090807140498,0.1259348788044393,0.0670507422469894
0.1112578502824979,0.1498661938259624,0.0993265126032123,0.1048167104693224,0.10862781017452,0.0989501975168331,0.1414383401519323,0.1257834883134704,0.0599328966622488
0.1149753689905509,0.1210939608205314,0.1011830604087157,0.1094066508168366,0.1264063608148171,0.1055887071852372,0.1274969560842629,0.1312915671825362,0.0625573676965116
0.147569849065119,0.1151577488534508,0.1139572450350726,0.1092335599018564,0.1033429573861269,0.1039310384201588,0.1169415828880102,0.1157940114973574,0.0740720069528476
0.1024205038770824,0.1050811824055387,0.0940603358008601,0.0971855557997149,0.0958572919090764,0.0983095652799062,0.1114432148286384,0.1525254425564496,0.143116907542733
0.1174725672561745,0.1178107782329381,0.1133929654595805,0.1158988948082994,0.1129331920913758,0.115410244831793,0.108600026987001,0.1166244960308756,0.0818568343019618
0.1399121214146024,0.1231575457564598,0.0982126523383148,0.1169180437363599,0.0973743148967493,0.1102788282577606,0.1201636237982494,0.1313822797050509,0.0626005900964526
0.1128899266877886,0.1121308090784355,0.1067777701007972,0.1208397804491064,0.1133187500035947,0.1229946062843933,0.1329279489984429,0.1106860860071537,0.0674343223902873
0.1053435151645604,0.1292148976045547,0.1061447232697756,0.0994585297994107,0.1125214405223871,0.1024969457331508,0.1145654212402629,0.1630327512456817,0.0672217754202159
0.114418279399785,0.1118651768535616,0.0995344703821656,0.1171284514691473,0.1072421046755754,0.1435742713242402,0.130955163047663,0.1152237059714235,0.060058376876438
0.1185856684892682,0.1260433569492803,0.1005139581142106,0.1196576517496948,0.0996559768614813,0.1169009452213971,0.1201141920697412,0.1344608117672345,0.0640674387776917
0.1467076918923267,0.0987651184350244,0.0999973983813707,0.0968356464127751,0.1434518081030185,0.1053349895842485,0.1098946086936118,0.1179551251769239,0.0810576133207001
0.1118994091669127,0.1104086762956515,0.1075790096956486,0.1428495891319789,0.1228659636024371,0.109046553299982,0.1178878299907201,0.1166566168544986,0.0608063519621699
0.1109271058061323,0.128639149869633,0.1118838752265358,0.1228164456503092,0.0942087279123336,0.1239707599140425,0.1162498718074336,0.1241093583303487,0.0671947054832309
0.1191667559840492,0.122881810465372,0.103665253543879,0.1168251663992002,0.1133728466702835,0.1101912249795465,0.1200681682377115,0.1312779122704016,0.0625508614495561
0.1147901763327968,0.1202719148397854,0.1099020882490592,0.1063644834229962,0.1034209841783592,0.1119143691196442,0.1316759081491736,0.1200314490488037,0.0816286266593813
0.1207168986201292,0.1255043977356829,0.1093659546787433,0.1083814071269703,0.113123689925185,0.1099490604069821,0.1232124969794571,0.127331575715979,0.0624145188108709
0.1104144125007809,0.1153101134921691,0.1018075248653924,0.1438118810261205,0.0955593543737873,0.1082165479130845,0.1203762883807983,0.1436404053703503,0.0608634720775164
0.0931111004540212,0.0883044729160747,0.0921963743657831,0.1823916864730973,0.1132782333285723,0.1128145853561503,0.1241122700589955,0.138661803702036,0.0551294733452692
0.1085339125458119,0.1107019831464509,0.1096986268636793,0.1215652097711683,0.1252867779095695,0.1133005455034589,0.1271040271273908,0.1218045044342053,0.0620044126982648
0.1126929458987709,0.1012729581572203,0.0962738239576573,0.1838227979669222,0.0906357882094829,0.1192690718655463,0.1150226638927511,0.1227417379939876,0.0582682120576609
0.1236981012983254,0.103863052332358,0.095037498557218,0.1227161261572558,0.1150783125369911,0.1372140969885844,0.1148529257277119,0.1056448477870891,0.0818950386144659
0.1212048316327496,0.1114650112438551,0.1001380734919749,0.1167094580029547,0.1022801801958649,0.1430606755168708,0.1304867084835248,0.1148115261863502,0.0598435352458544
0.1420220633583621,0.096321255724048,0.1017889676589424,0.1200690607078737,0.1202700258259873,0.1075712965625946,0.1160711973870838,0.117994398520802,0.0778917342543059
0.136026337715148,0.1120200189955545,0.0977225888694209,0.1112064933641252,0.1152210418938952,0.1409884397468964,0.1243341330632542,0.1054571389103208,0.0570238074413843
0.0975924223661611,0.1096783182655553,0.0955749296525337,0.175917703008183,0.098858815235451,0.0938188450372722,0.1744140659043134,0.0995851662024093,0.0545597343281206
0.1105525240286479,0.1176352431044642,0.1208682386682156,0.1028660933516958,0.1276164307642646,0.1190938226774476,0.1217606985730504,0.1164507284333684,0.0631562203988451
0.1289902865562034,0.1393382190676917,0.0968309964473935,0.1134975340234208,0.1189765860359717,0.1085189408476683,0.1156883429047887,0.1195558839822333,0.0586032101346283
0.1163995027730824,0.1229646721239211,0.1034954379586939,0.1069142733403072,0.1288619358558363,0.1030756579208564,0.1307310417267685,0.1237837203252932,0.0637737579752406
0.1195465178103884,0.1138777991146621,0.1099561311246239,0.1171199926939846,0.1137341444076705,0.1105423834926673,0.1238773941475842,0.1285943081078066,0.0627513291006119
0.1161026300970636,0.1100903411112386,0.1340441074462828,0.1045460795015306,0.1146549014450435,0.1124230182808432,0.1145401120789567,0.1119911954736991,0.0816076145653415
0.1237206393183571,0.1138868450527244,0.0988966508410615,0.1229819448431744,0.1117996605403795,0.1152989475947995,0.1050745396032639,0.1283248028432693,0.0800159693629702
0.1184731383084835,0.0965546886901677,0.1030699130820234,0.1140811587210185,0.1069807827950509,0.1275589742562158,0.1101764084424155,0.1469595081807804,0.076145427523844
0.1154286922979618,0.1272351847355415,0.0932103355384156,0.1229763607109656,0.1153223501728138,0.1004943260527458,0.1188558240697214,0.1181462434623722,0.0883306829594619
0.1098759696445211,0.1186519985072788,0.1094624679545284,0.1227424904730853,0.1160385010008911,0.1057006725547401,0.1228912448564172,0.114450126129784,0.0801865288787535
0.1290378580763464,0.1009891138072162,0.1195121941608296,0.1131969581887061,0.106151614629553,0.1152154965299242,0.1106319730900443,0.1297095388156061,0.0755552527017738
